num_commits,num_branches,num_packages,num_releases,num_stars,active_period
1,1,0,0,0,0.0
1,1,0,0,0,0.0
1,1,0,0,0,0.0
1,1,0,0,0,0.0
1,1,0,0,0,0.0
1,1,0,0,0,0.0
1,1,0,0,0,0.0
1,1,0,0,0,0.0
1,1,0,0,0,0.0
1,1,0,0,0,0.0
1,1,0,0,0,0.0
1,1,0,0,0,0.0
1,1,0,0,0,0.0
1,1,0,0,0,0.0
1,1,0,0,0,0.0
1,1,0,0,0,0.0
1,1,0,0,0,0.0
1,1,0,0,0,0.0
1,1,0,0,0,0.0
1,1,0,0,0,0.0
1,1,0,0,0,0.0
1,1,0,0,0,0.0
1,1,0,0,0,0.0
1,1,0,0,0,0.0
1,1,0,0,0,0.0
1,1,0,0,0,0.0
1,1,0,0,0,0.0
1,1,0,0,0,0.0
1,1,0,0,0,0.0
1,1,0,0,0,0.0
1,1,0,0,0,0.0
1,1,0,0,0,0.0
1,1,0,0,0,0.0
1,1,0,0,0,0.0
1,1,0,0,0,0.0
1,1,0,0,0,0.0
1,1,0,0,0,0.0
1,1,0,0,0,0.0
1,1,0,0,0,0.0
1,1,0,0,0,0.0
1,1,0,0,0,0.0
1,1,0,0,0,0.0
1,1,0,0,0,0.0
1,1,0,0,0,0.0
1,1,0,0,0,0.0
1,1,0,0,0,0.0
1,1,0,0,0,0.0
1,1,0,0,0,0.0
1,1,0,0,0,0.0
1,1,0,0,0,0.0
1,1,0,0,0,0.0
1,1,0,0,0,0.0
1,1,0,0,0,0.0
1,1,0,0,0,0.0
1,1,0,0,0,0.0
1,1,0,0,0,0.0
1,1,0,0,0,0.0
1,1,0,0,0,0.0
1,1,0,0,0,0.0
1,1,0,0,0,0.0
1,1,0,0,0,0.0
1,1,0,0,0,0.0
1,1,0,0,0,0.0
1,1,0,0,0,0.0
1,1,0,0,0,0.0
1,1,0,0,0,0.0
1,1,0,0,0,0.0
1,1,0,0,0,0.0
1,1,0,0,0,0.0
1,1,0,0,0,0.0
1,1,0,0,0,0.0
1,1,0,0,0,0.0
1,1,0,0,0,0.0
1,1,0,0,0,0.0
1,1,0,0,0,0.0
1,1,0,0,0,0.0
1,1,0,0,0,0.0
1,1,0,0,0,0.0
1,1,0,0,0,0.0
1,1,0,0,0,0.0
1,1,0,0,0,0.0
1,1,0,0,0,0.0
1,1,0,0,0,0.0
1,1,0,0,0,0.0
1,1,0,0,0,0.0
1,1,0,0,0,0.0
1,1,0,0,0,0.0
1,1,0,0,0,0.0
1,1,0,0,0,0.0
1,1,0,0,0,0.0
1,1,0,0,0,0.0
1,1,0,0,0,0.0
1,1,0,0,0,0.0
1,1,0,0,0,0.0
1,1,0,0,0,0.0
1,1,0,0,0,0.0
1,1,0,0,0,0.0
1,1,0,0,0,0.0
1,1,0,0,0,0.0
1,1,0,0,0,0.0
1,1,0,0,0,0.0
1,1,0,0,0,0.0
1,1,0,0,0,0.0
1,1,0,0,0,0.0
1,1,0,0,0,0.0
1,1,0,0,0,0.0
1,1,0,0,0,0.0
1,1,0,0,0,0.0
1,1,0,0,0,0.0
1,1,0,0,0,0.0
1,1,0,0,0,0.0
1,1,0,0,0,0.0
1,1,0,0,0,0.0
1,1,0,0,0,0.0
1,1,0,0,0,0.0
1,1,0,0,0,0.0
1,1,0,0,0,0.0
1,1,0,0,0,0.0
1,1,0,0,0,0.0
1,1,0,0,0,0.0
1,1,0,0,0,0.0
1,1,0,0,0,0.0
1,1,0,0,0,0.0
1,1,0,0,0,0.0
1,1,0,0,0,0.0
1,1,0,0,0,0.0
1,1,0,0,0,0.0
1,1,0,0,0,0.0
1,1,0,0,0,0.0
1,1,0,0,0,0.0
1,1,0,0,0,0.0
1,1,0,0,0,0.0
1,1,0,0,0,0.0
1,1,0,0,0,0.0
1,1,0,0,0,0.0
1,1,0,0,0,0.0
1,1,0,0,0,0.0
1,1,0,0,0,0.0
1,1,0,0,0,0.0
1,1,0,0,0,0.0
1,1,0,0,0,0.0
1,1,0,0,0,0.0
1,1,0,0,0,0.0
1,1,0,0,0,0.0
1,1,0,0,0,0.0
1,1,0,0,0,0.0
1,1,0,0,0,0.0
1,1,0,0,0,0.0
1,1,0,0,0,0.0
1,1,0,0,0,0.0
1,1,0,0,0,0.0
1,1,0,0,0,0.0
1,1,0,0,0,0.0
1,1,0,0,0,0.0
1,1,0,0,0,0.0
1,1,0,0,0,0.0
1,1,0,0,0,0.0
1,1,0,0,0,0.0
1,1,0,0,0,0.0
1,1,0,0,0,0.0
1,1,0,0,0,0.0
1,1,0,0,0,0.0
1,1,0,0,0,0.0
1,1,0,0,0,0.0
1,1,0,0,0,0.0
1,1,0,0,0,0.0
1,1,0,0,0,0.0
1,1,0,0,0,0.0
1,1,0,0,0,0.0
1,1,0,0,0,0.0
1,1,0,0,0,0.0
1,1,0,0,0,0.0
1,1,0,0,0,0.0
1,1,0,0,0,0.0
1,1,0,0,0,0.0
1,1,0,0,0,0.0
1,1,0,0,0,0.0
1,1,0,0,0,0.0
1,1,0,0,0,0.0
1,1,0,0,0,0.0
1,1,0,0,0,0.0
1,1,0,0,0,0.0
1,1,0,0,0,0.0
1,1,0,0,0,0.01
1,1,0,0,0,0.01
1,1,0,0,0,0.01
1,1,0,0,0,0.01
1,1,0,0,0,0.01
1,1,0,0,0,0.01
1,1,0,0,0,0.01
1,1,0,0,0,0.01
1,1,0,0,0,0.01
1,1,0,0,0,0.01
1,1,0,0,0,0.01
1,1,0,0,0,0.01
1,1,0,0,0,0.01
1,1,0,0,0,0.01
1,1,0,0,0,0.01
1,1,0,0,0,0.01
1,1,0,0,0,0.01
1,1,0,0,0,0.01
1,1,0,0,0,0.01
1,1,0,0,0,0.01
1,1,0,0,0,0.01
1,1,0,0,0,0.01
1,1,0,0,0,0.01
1,1,0,0,0,0.01
1,1,0,0,0,0.01
1,1,0,0,0,0.01
1,1,0,0,0,0.01
2,1,0,0,0,0.01
2,1,0,0,0,0.01
2,1,0,0,0,0.01
2,1,0,0,0,0.01
2,1,0,0,0,0.01
2,1,0,0,0,0.01
2,1,0,0,0,0.01
2,1,0,0,0,0.01
2,1,0,0,0,0.01
2,1,0,0,0,0.01
2,1,0,0,0,0.01
2,1,0,0,0,0.01
2,1,0,0,0,0.01
2,1,0,0,0,0.01
2,1,0,0,0,0.01
2,1,0,0,0,0.01
2,1,0,0,0,0.01
2,1,0,0,0,0.01
2,1,0,0,0,0.01
2,1,0,0,0,0.01
2,1,0,0,0,0.01
2,1,0,0,0,0.01
2,1,0,0,0,0.01
2,1,0,0,0,0.01
2,1,0,0,0,0.01
2,1,0,0,0,0.01
2,1,0,0,0,0.01
2,1,0,0,0,0.01
2,1,0,0,0,0.01
2,1,0,0,0,0.01
2,1,0,0,0,0.01
2,1,0,0,0,0.01
2,1,0,0,0,0.01
2,1,0,0,0,0.01
2,1,0,0,0,0.01
2,1,0,0,0,0.01
2,1,0,0,0,0.01
2,1,0,0,0,0.01
2,1,0,0,0,0.01
2,1,0,0,0,0.01
2,1,0,0,0,0.01
2,1,0,0,0,0.01
2,1,0,0,0,0.01
2,1,0,0,0,0.01
2,1,0,0,0,0.01
2,1,0,0,0,0.01
2,1,0,0,0,0.01
2,1,0,0,0,0.01
2,1,0,0,0,0.01
2,1,0,0,0,0.01
2,1,0,0,0,0.01
2,1,0,0,0,0.01
2,1,0,0,0,0.01
2,1,0,0,0,0.01
2,1,0,0,0,0.01
2,1,0,0,0,0.01
2,1,0,0,0,0.01
2,1,0,0,0,0.01
2,1,0,0,0,0.01
2,1,0,0,0,0.01
2,1,0,0,0,0.01
2,1,0,0,0,0.01
2,1,0,0,0,0.01
2,1,0,0,0,0.01
2,1,0,0,0,0.01
2,1,0,0,0,0.01
2,1,0,0,0,0.01
2,1,0,0,0,0.01
2,1,0,0,0,0.01
2,1,0,0,0,0.01
2,1,0,0,0,0.01
2,1,0,0,0,0.01
2,1,0,0,0,0.01
2,1,0,0,0,0.01
2,1,0,0,0,0.01
2,1,0,0,0,0.01
2,1,0,0,0,0.01
2,1,0,0,0,0.01
2,1,0,0,0,0.01
2,1,0,0,0,0.01
2,1,0,0,0,0.01
2,1,0,0,0,0.02
2,1,0,0,0,0.02
2,1,0,0,0,0.02
2,1,0,0,0,0.02
2,1,0,0,0,0.02
2,1,0,0,0,0.02
2,1,0,0,0,0.02
2,1,0,0,0,0.02
2,1,0,0,0,0.02
2,1,0,0,0,0.02
2,1,0,0,0,0.02
2,1,0,0,0,0.02
2,1,0,0,0,0.02
2,1,0,0,0,0.02
2,1,0,0,0,0.02
2,1,0,0,0,0.02
2,1,0,0,0,0.02
2,1,0,0,0,0.02
2,1,0,0,0,0.02
2,1,0,0,0,0.02
2,1,0,0,0,0.02
2,1,0,0,0,0.02
2,1,0,0,0,0.02
2,1,0,0,0,0.02
2,1,0,0,0,0.02
2,1,0,0,0,0.02
2,1,0,0,0,0.02
2,1,0,0,0,0.02
2,1,0,0,0,0.02
2,1,0,0,0,0.02
2,1,0,0,0,0.02
2,1,0,0,0,0.02
2,1,0,0,0,0.03
2,1,0,0,0,0.03
2,1,0,0,0,0.03
2,1,0,0,0,0.03
2,1,0,0,0,0.03
2,1,0,0,0,0.03
2,1,0,0,0,0.03
2,1,0,0,0,0.03
2,1,0,0,0,0.03
2,1,0,0,0,0.03
2,1,0,0,0,0.03
2,1,0,0,0,0.03
2,1,0,0,0,0.03
2,1,0,0,0,0.03
2,1,0,0,0,0.03
2,1,0,0,0,0.03
2,1,0,0,0,0.03
2,1,0,0,0,0.03
2,1,0,0,0,0.03
2,1,0,0,0,0.04
2,1,0,0,0,0.04
2,1,0,0,0,0.04
2,1,0,0,0,0.04
2,1,0,0,0,0.04
2,1,0,0,0,0.04
2,1,0,0,0,0.04
2,1,0,0,0,0.04
2,1,0,0,0,0.04
2,1,0,0,0,0.04
2,1,0,0,0,0.04
2,1,0,0,0,0.04
2,1,0,0,0,0.04
2,1,0,0,0,0.04
2,1,0,0,0,0.04
2,1,0,0,0,0.04
2,1,0,0,0,0.04
2,1,0,0,0,0.04
2,1,0,0,0,0.04
2,1,0,0,0,0.04
2,1,0,0,0,0.04
2,1,0,0,0,0.04
2,1,0,0,0,0.04
2,1,0,0,0,0.04
2,1,0,0,0,0.04
2,1,0,0,0,0.04
2,1,0,0,0,0.05
2,1,0,0,0,0.05
2,1,0,0,0,0.05
2,1,0,0,0,0.05
2,1,0,0,0,0.05
2,1,0,0,0,0.05
2,1,0,0,0,0.05
2,1,0,0,0,0.05
2,1,0,0,0,0.05
2,1,0,0,0,0.05
2,1,0,0,0,0.06
2,1,0,0,0,0.06
2,1,0,0,0,0.06
2,1,0,0,0,0.06
2,1,0,0,0,0.06
2,1,0,0,0,0.06
2,1,0,0,0,0.06
2,1,0,0,0,0.07
2,1,0,0,0,0.07
2,1,0,0,0,0.07
2,1,0,0,0,0.07
2,1,0,0,0,0.07
2,1,0,0,0,0.07
2,1,0,0,0,0.07
2,1,0,0,0,0.07
2,1,0,0,0,0.07
2,1,0,0,0,0.08
2,1,0,0,0,0.08
2,1,0,0,0,0.08
2,1,0,0,0,0.08
2,1,0,0,0,0.08
2,1,0,0,0,0.09
2,1,0,0,0,0.09
2,1,0,0,0,0.09
2,1,0,0,0,0.09
2,1,0,0,0,0.09
2,1,0,0,0,0.1
2,1,0,0,0,0.1
2,1,0,0,0,0.1
2,1,0,0,0,0.11
2,1,0,0,0,0.11
2,1,0,0,0,0.11
2,1,0,0,0,0.11
2,1,0,0,0,0.11
2,1,0,0,0,0.11
2,1,0,0,0,0.11
2,1,0,0,0,0.12
2,1,0,0,0,0.12
2,1,0,0,0,0.12
2,1,0,0,0,0.13
2,1,0,0,0,0.13
2,1,0,0,0,0.14
2,1,0,0,0,0.14
2,1,0,0,0,0.14
2,1,0,0,0,0.15
2,1,0,0,0,0.15
2,1,0,0,0,0.16
2,1,0,0,0,0.16
2,1,0,0,0,0.16
2,1,0,0,0,0.16
2,1,0,0,0,0.17
2,1,0,0,0,0.17
2,1,0,0,0,0.18
2,1,0,0,0,0.18
2,1,0,0,0,0.18
2,1,0,0,0,0.18
2,1,0,0,0,0.18
2,1,0,0,0,0.19
2,1,0,0,0,0.2
2,1,0,0,0,0.21
2,1,0,0,0,0.21
2,1,0,0,0,0.21
2,1,0,0,0,0.21
2,1,0,0,0,0.22
2,1,0,0,0,0.22
2,1,0,0,0,0.23
2,1,0,0,0,0.23
2,1,0,0,0,0.24
2,1,0,0,0,0.25
2,1,0,0,0,0.25
2,1,0,0,0,0.25
2,1,0,0,0,0.26
2,1,0,0,0,0.26
2,1,0,0,0,0.26
2,1,0,0,0,0.26
2,1,0,0,0,0.27
2,1,0,0,0,0.27
2,1,0,0,0,0.27
2,1,0,0,0,0.28
2,1,0,0,0,0.28
2,1,0,0,0,0.29
2,1,0,0,0,0.29
2,1,0,0,0,0.31
2,1,0,0,0,0.32
2,1,0,0,0,0.33
2,1,0,0,0,0.33
2,1,0,0,0,0.34
2,1,0,0,0,0.35
2,1,0,0,0,0.37
2,1,0,0,0,0.38
2,1,0,0,0,0.38
2,1,0,0,0,0.4
2,1,0,0,0,0.46
2,1,0,0,0,0.46
2,1,0,0,0,0.46
2,1,0,0,0,0.49
2,1,0,0,0,0.49
2,1,0,0,0,0.49
2,1,0,0,0,0.5
2,1,0,0,0,0.5
2,1,0,0,0,0.5
2,1,0,0,0,0.51
2,1,0,0,0,0.51
2,1,0,0,0,0.51
2,1,0,0,0,0.52
2,1,0,0,0,0.52
2,1,0,0,0,0.53
2,1,0,0,0,0.53
2,1,0,0,0,0.53
2,1,0,0,0,0.54
2,1,0,0,0,0.54
2,1,0,0,0,0.6
2,1,0,0,0,0.62
3,1,0,0,0,0.62
3,1,0,0,0,0.62
3,1,0,0,0,0.63
3,1,0,0,0,0.63
3,1,0,0,0,0.64
3,1,0,0,0,0.64
3,1,0,0,0,0.65
3,1,0,0,0,0.67
3,1,0,0,0,0.7
3,1,0,0,0,0.7
3,1,0,0,0,0.71
3,1,0,0,0,0.71
3,1,0,0,0,0.72
3,1,0,0,0,0.73
3,1,0,0,0,0.74
3,1,0,0,0,0.77
3,1,0,0,0,0.78
3,1,0,0,0,0.78
3,1,0,0,0,0.78
3,1,0,0,0,0.8
3,1,0,0,0,0.81
3,1,0,0,0,0.81
3,1,0,0,0,0.81
3,1,0,0,0,0.82
3,1,0,0,0,0.84
3,1,0,0,0,0.84
3,1,0,0,0,0.85
3,1,0,0,0,0.85
3,1,0,0,0,0.87
3,1,0,0,0,0.87
3,1,0,0,0,0.88
3,1,0,0,0,0.88
3,1,0,0,0,0.89
3,1,0,0,0,0.89
3,1,0,0,0,0.89
3,1,0,0,0,0.89
3,1,0,0,0,0.9
3,1,0,0,0,0.91
3,1,0,0,0,0.92
3,1,0,0,0,0.93
3,1,0,0,0,0.95
3,1,0,0,0,0.96
3,1,0,0,0,0.96
3,1,0,0,0,0.97
3,1,0,0,0,0.98
3,1,0,0,0,0.98
3,1,0,0,0,0.98
3,1,0,0,0,0.98
3,1,0,0,0,0.98
3,1,0,0,0,0.99
3,1,0,0,0,0.99
3,1,0,0,0,1.0
3,1,0,0,0,1.0
3,1,0,0,0,1.01
3,1,0,0,0,1.01
3,1,0,0,0,1.01
3,1,0,0,0,1.01
3,1,0,0,0,1.04
3,1,0,0,0,1.04
3,1,0,0,0,1.05
3,1,0,0,0,1.06
3,1,0,0,0,1.06
3,1,0,0,0,1.06
3,1,0,0,0,1.06
3,1,0,0,0,1.07
3,1,0,0,0,1.07
3,1,0,0,0,1.08
3,1,0,0,0,1.08
3,1,0,0,0,1.09
3,1,0,0,0,1.1
3,1,0,0,0,1.12
3,1,0,0,0,1.12
3,1,0,0,0,1.14
3,1,0,0,0,1.14
3,1,0,0,0,1.14
3,1,0,0,0,1.15
3,1,0,0,0,1.16
3,1,0,0,0,1.16
3,1,0,0,0,1.17
3,1,0,0,0,1.2
3,1,0,0,0,1.2
3,1,0,0,0,1.21
3,1,0,0,0,1.22
3,1,0,0,0,1.22
3,1,0,0,0,1.26
3,1,0,0,0,1.28
3,1,0,0,0,1.29
3,1,0,0,0,1.3
3,1,0,0,0,1.32
3,1,0,0,0,1.35
3,1,0,0,0,1.36
3,1,0,0,0,1.41
3,1,0,0,0,1.42
3,1,0,0,0,1.44
3,1,0,0,0,1.48
3,1,0,0,0,1.49
3,1,0,0,0,1.52
3,1,0,0,0,1.53
3,1,0,0,0,1.55
3,1,0,0,0,1.55
3,1,0,0,0,1.57
3,1,0,0,0,1.58
3,1,0,0,0,1.61
3,1,0,0,0,1.62
3,1,0,0,0,1.66
3,1,0,0,0,1.71
3,1,0,0,0,1.74
3,1,0,0,0,1.75
3,1,0,0,0,1.76
3,1,0,0,0,1.81
3,1,0,0,0,1.83
3,1,0,0,0,1.84
3,1,0,0,0,1.89
3,1,0,0,0,1.89
3,1,0,0,0,1.92
3,1,0,0,0,1.92
3,1,0,0,0,1.93
3,1,0,0,0,1.94
3,1,0,0,0,1.97
3,1,0,0,0,2.0
3,1,0,0,0,2.02
3,1,0,0,0,2.03
3,1,0,0,0,2.05
3,1,0,0,0,2.07
3,1,0,0,0,2.07
3,1,0,0,0,2.08
3,1,0,0,0,2.09
3,1,0,0,0,2.12
3,1,0,0,0,2.14
3,1,0,0,0,2.16
3,1,0,0,0,2.17
3,1,0,0,0,2.24
3,1,0,0,0,2.26
3,1,0,0,0,2.28
3,1,0,0,0,2.34
3,1,0,0,0,2.39
3,1,0,0,0,2.46
3,1,0,0,0,2.49
3,1,0,0,0,2.5
3,1,0,0,0,2.65
3,1,0,0,0,2.66
3,1,0,0,0,2.71
3,1,0,0,0,2.72
3,1,0,0,0,2.76
3,1,0,0,0,2.81
3,1,0,0,0,2.82
3,1,0,0,0,2.84
3,1,0,0,0,2.85
3,1,0,0,0,2.86
3,1,0,0,0,2.88
3,1,0,0,0,2.88
3,1,0,0,0,2.98
3,1,0,0,0,2.99
3,1,0,0,0,3.01
3,1,0,0,0,3.02
3,1,0,0,0,3.05
3,1,0,0,0,3.05
3,1,0,0,0,3.08
3,1,0,0,0,3.09
3,1,0,0,0,3.14
3,1,0,0,0,3.18
3,1,0,0,0,3.2
3,1,0,0,0,3.2
3,1,0,0,0,3.23
3,1,0,0,0,3.28
3,1,0,0,0,3.28
3,1,0,0,0,3.3
3,1,0,0,0,3.38
3,1,0,0,0,3.39
3,1,0,0,0,3.4
3,1,0,0,0,3.45
3,1,0,0,0,3.49
3,1,0,0,0,3.51
3,1,0,0,0,3.51
3,1,0,0,0,3.52
3,1,0,0,0,3.61
3,1,0,0,0,3.68
3,1,0,0,0,3.69
3,1,0,0,0,3.7
3,1,0,0,0,3.73
3,1,0,0,0,3.73
3,1,0,0,0,3.82
3,1,0,0,0,3.83
3,1,0,0,0,3.87
3,1,0,0,0,3.92
3,1,0,0,0,3.92
3,1,0,0,0,3.93
3,1,0,0,0,3.94
3,1,0,0,0,4.01
3,1,0,0,0,4.02
3,1,0,0,0,4.02
3,1,0,0,0,4.03
3,1,0,0,0,4.04
3,1,0,0,0,4.08
3,1,0,0,0,4.1
3,1,0,0,0,4.11
3,1,0,0,0,4.21
3,1,0,0,0,4.23
3,1,0,0,0,4.26
3,1,0,0,0,4.29
3,1,0,0,0,4.37
3,1,0,0,0,4.41
3,1,0,0,0,4.5
3,1,0,0,0,4.5
3,1,0,0,0,4.66
3,1,0,0,0,4.66
3,1,0,0,0,4.67
3,1,0,0,0,4.68
3,1,0,0,0,4.69
3,1,0,0,0,4.77
3,1,0,0,0,4.8
3,1,0,0,0,4.82
3,1,0,0,0,4.84
3,1,0,0,0,4.87
3,1,0,0,0,4.9
3,1,0,0,0,4.91
3,1,0,0,0,4.92
3,1,0,0,0,4.93
3,1,0,0,0,5.01
3,1,0,0,0,5.03
3,1,0,0,0,5.06
3,1,0,0,0,5.08
3,1,0,0,0,5.11
4,1,0,0,0,5.21
4,1,0,0,0,5.22
4,1,0,0,0,5.23
4,1,0,0,0,5.25
4,1,0,0,0,5.31
4,1,0,0,0,5.32
4,1,0,0,0,5.34
4,1,0,0,0,5.34
4,1,0,0,0,5.38
4,1,0,0,0,5.42
4,1,0,0,0,5.42
4,1,0,0,0,5.43
4,1,0,0,0,5.44
4,1,0,0,0,5.49
4,1,0,0,0,5.6
4,1,0,0,0,5.7
4,1,0,0,0,5.77
4,1,0,0,0,5.82
4,1,0,0,0,5.82
4,1,0,0,0,5.83
4,1,0,0,0,5.84
4,1,0,0,0,5.87
4,1,0,0,0,5.92
4,1,0,0,0,5.96
4,1,0,0,0,5.96
4,1,0,0,0,5.97
4,1,0,0,0,6.0
4,1,0,0,0,6.0
4,1,0,0,0,6.0
4,1,0,0,0,6.02
4,1,0,0,0,6.04
4,1,0,0,0,6.07
4,1,0,0,0,6.14
4,1,0,0,0,6.2
4,1,0,0,0,6.22
4,1,0,0,0,6.27
4,1,0,0,0,6.29
4,1,0,0,0,6.31
4,1,0,0,0,6.37
4,1,0,0,0,6.4
4,1,0,0,0,6.45
4,1,0,0,0,6.49
4,1,0,0,0,6.64
4,1,0,0,0,6.78
4,1,0,0,0,6.81
4,1,0,0,0,6.81
4,1,0,0,0,6.84
4,1,0,0,0,6.88
4,1,0,0,0,6.91
4,1,0,0,0,6.92
4,1,0,0,0,6.92
4,1,0,0,0,6.93
4,1,0,0,0,6.99
4,1,0,0,0,6.99
4,1,0,0,0,7.02
4,1,0,0,0,7.04
4,1,0,0,0,7.05
4,1,0,0,0,7.08
4,1,0,0,0,7.17
4,1,0,0,0,7.18
4,1,0,0,0,7.29
4,1,0,0,0,7.31
4,1,0,0,0,7.35
4,1,0,0,0,7.4
4,1,0,0,0,7.51
4,1,0,0,0,7.73
4,1,0,0,0,7.73
4,1,0,0,0,7.78
4,1,0,0,0,7.83
4,1,0,0,0,7.86
4,1,0,0,0,7.9
4,1,0,0,0,7.91
4,1,0,0,0,7.93
4,1,0,0,0,8.0
4,1,0,0,0,8.07
4,1,0,0,0,8.07
4,1,0,0,0,8.07
4,1,0,0,0,8.19
4,1,0,0,0,8.21
4,1,0,0,0,8.28
4,1,0,0,0,8.32
4,1,0,0,0,8.33
4,1,0,0,0,8.4
4,1,0,0,0,8.43
4,1,0,0,0,8.53
4,1,0,0,0,8.54
4,1,0,0,0,8.62
4,1,0,0,0,8.71
4,1,0,0,0,8.82
4,1,0,0,0,8.88
4,1,0,0,0,8.92
4,1,0,0,0,8.94
4,1,0,0,0,8.99
4,1,0,0,0,9.02
4,1,0,0,0,9.03
4,1,0,0,0,9.12
4,1,0,0,0,9.23
4,1,0,0,0,9.26
4,1,0,0,0,9.27
4,1,0,0,0,9.27
4,1,0,0,0,9.29
4,1,0,0,0,9.44
4,1,0,0,0,9.55
4,1,0,0,0,9.63
4,1,0,0,0,9.65
4,1,0,0,0,9.69
4,1,0,0,0,9.73
4,1,0,0,0,9.77
4,1,0,0,0,9.8
4,1,0,0,0,9.84
4,1,0,0,0,9.94
4,1,0,0,0,9.95
4,1,0,0,0,10.02
4,1,0,0,0,10.03
4,1,0,0,0,10.12
4,1,0,0,0,10.13
4,1,0,0,0,10.19
4,1,0,0,0,10.57
4,1,0,0,0,10.74
4,1,0,0,0,10.77
4,1,0,0,0,10.84
4,1,0,0,0,10.87
4,1,0,0,0,10.9
4,1,0,0,0,10.91
4,1,0,0,0,10.94
4,1,0,0,0,10.99
4,1,0,0,0,11.03
4,1,0,0,0,11.07
4,1,0,0,0,11.12
4,1,0,0,0,11.15
4,1,0,0,0,11.42
4,1,0,0,0,11.45
4,1,0,0,0,11.65
4,1,0,0,0,11.69
4,1,0,0,0,11.93
4,1,0,0,0,11.95
4,1,0,0,0,11.97
4,1,0,0,0,12.03
4,1,0,0,0,12.11
4,1,0,0,0,12.17
4,1,0,0,0,12.2
4,1,0,0,0,12.21
4,1,0,0,0,12.25
4,1,0,0,0,12.32
4,1,0,0,0,12.35
4,1,0,0,0,12.49
4,1,0,0,0,12.83
4,1,0,0,0,12.84
4,1,0,0,0,12.84
4,1,0,0,0,12.89
4,1,0,0,0,12.93
4,1,0,0,0,12.97
4,1,0,0,0,13.06
4,1,0,0,0,13.12
4,1,0,0,0,13.12
4,1,0,0,0,13.12
4,1,0,0,0,13.3
4,1,0,0,0,13.36
4,1,0,0,0,13.41
4,1,0,0,0,13.46
4,1,0,0,0,13.46
4,1,0,0,0,13.52
4,1,0,0,0,13.63
4,1,0,0,0,13.68
4,1,0,0,0,13.7
4,1,0,0,0,13.73
4,1,0,0,0,13.9
4,1,0,0,0,13.9
4,1,0,0,0,13.9
4,1,0,0,0,13.96
4,1,0,0,0,13.99
4,1,0,0,0,14.0
4,1,0,0,0,14.03
4,1,0,0,0,14.07
4,1,0,0,0,14.07
4,1,0,0,0,14.08
4,1,0,0,0,14.23
4,1,0,0,0,14.23
4,1,0,0,0,14.26
4,1,0,0,0,14.27
4,1,0,0,0,14.33
4,1,0,0,0,14.39
4,1,0,0,0,14.49
4,1,0,0,0,14.69
4,1,0,0,0,14.75
4,1,0,0,0,14.81
4,1,0,0,0,14.88
4,1,0,0,0,14.9
4,1,0,0,0,14.91
4,1,0,0,0,15.08
4,1,0,0,0,15.15
4,1,0,0,0,15.29
4,1,0,0,0,15.3
4,1,0,0,0,15.45
4,1,0,0,0,15.51
4,1,0,0,0,15.57
4,1,0,0,0,15.82
4,1,0,0,0,15.85
4,1,0,0,0,15.88
4,1,0,0,0,15.93
4,1,0,0,0,15.94
4,1,0,0,0,15.96
4,1,0,0,0,16.19
4,1,0,0,0,16.2
4,1,0,0,0,16.4
4,1,0,0,0,16.47
4,1,0,0,0,16.69
4,1,0,0,0,16.79
4,1,0,0,0,16.83
4,1,0,0,0,16.84
4,1,0,0,0,16.93
4,1,0,0,0,16.94
5,1,0,0,0,17.01
5,1,0,0,0,17.02
5,1,0,0,0,17.04
5,1,0,0,0,17.18
5,1,0,0,0,17.19
5,1,0,0,0,17.34
5,1,0,0,0,17.38
5,1,0,0,0,17.42
5,1,0,0,0,17.45
5,1,0,0,0,17.5
5,1,0,0,0,17.51
5,1,0,0,0,17.6
5,1,0,0,0,17.71
5,1,0,0,0,17.8
5,1,0,0,0,17.98
5,1,0,0,0,18.4
5,1,0,0,0,18.45
5,1,0,0,0,18.5
5,1,0,0,0,18.64
5,1,0,0,0,18.71
5,1,0,0,0,18.74
5,1,0,0,0,18.86
5,1,0,0,0,18.96
5,1,0,0,0,19.03
5,1,0,0,0,19.08
5,1,0,0,0,19.35
5,1,0,0,0,19.81
5,1,0,0,0,20.02
5,1,0,0,0,20.04
5,1,0,0,0,20.11
5,1,0,0,0,20.48
5,1,0,0,0,20.72
5,1,0,0,0,20.85
5,1,0,0,0,20.93
5,1,0,0,0,21.02
5,1,0,0,0,21.06
5,1,0,0,0,21.1
5,1,0,0,0,21.29
5,1,0,0,0,21.41
5,1,0,0,0,21.44
5,1,0,0,0,21.52
5,1,0,0,0,21.81
5,1,0,0,0,21.96
5,1,0,0,0,22.18
5,1,0,0,0,22.65
5,1,0,0,0,22.74
5,1,0,0,0,22.77
5,1,0,0,0,22.78
5,1,0,0,0,22.83
5,1,0,0,0,23.36
5,1,0,0,0,23.72
5,1,0,0,0,23.72
5,1,0,0,0,23.86
5,1,0,0,0,23.99
5,1,0,0,0,23.99
5,1,0,0,0,24.02
5,1,0,0,0,24.03
5,1,0,0,0,24.23
5,1,0,0,0,24.4
5,1,0,0,0,24.63
5,1,0,0,0,24.93
5,1,0,0,0,25.16
5,1,0,0,0,25.23
5,1,0,0,0,25.28
5,1,0,0,0,25.34
5,1,0,0,0,25.58
5,1,0,0,0,25.63
5,1,0,0,0,25.63
5,1,0,0,0,25.87
5,1,0,0,0,25.87
5,1,0,0,0,25.89
5,1,0,0,0,26.0
5,1,0,0,0,26.01
5,1,0,0,0,26.15
5,1,0,0,0,26.16
5,1,0,0,0,26.44
5,1,0,0,0,26.59
5,1,0,0,0,26.84
5,1,0,0,0,26.87
5,1,0,0,0,26.96
5,1,0,0,0,27.18
5,1,0,0,0,27.28
5,1,0,0,0,27.86
5,1,0,0,0,27.87
5,1,0,0,0,27.94
5,1,0,0,0,28.04
5,1,0,0,0,28.46
5,1,0,0,0,28.47
5,1,0,0,0,28.58
5,1,0,0,0,28.7
5,1,0,0,0,28.76
5,1,0,0,0,28.81
5,1,0,0,0,28.92
5,1,0,0,0,29.09
5,1,0,0,0,29.11
5,1,0,0,0,29.76
5,1,0,0,0,29.82
5,1,0,0,0,30.14
5,1,0,0,0,30.16
5,1,0,0,0,30.18
5,1,0,0,0,30.44
5,1,0,0,0,30.55
5,1,0,0,0,30.8
5,1,0,0,0,30.92
5,1,0,0,0,31.39
5,1,0,0,0,32.0
5,1,0,0,0,32.05
5,1,0,0,0,32.11
5,1,0,0,0,32.44
5,1,0,0,0,32.57
5,1,0,0,0,32.59
5,1,0,0,0,32.8
5,1,0,0,0,32.96
5,1,0,0,0,32.97
5,1,0,0,0,33.04
5,1,0,0,0,33.09
5,1,0,0,0,33.12
5,1,0,0,0,33.2
5,1,0,0,0,33.33
5,1,0,0,0,33.36
5,1,0,0,0,33.41
5,1,0,0,0,33.41
5,1,0,0,0,33.53
5,1,0,0,0,33.69
5,1,0,0,0,34.07
5,1,0,0,0,34.23
5,1,0,0,0,34.97
5,1,0,0,0,35.33
5,1,0,0,0,35.36
5,1,0,0,0,35.37
5,1,0,0,0,35.39
5,1,0,0,0,35.91
5,1,0,0,0,35.95
5,1,0,0,0,36.12
5,1,0,0,0,36.19
5,1,0,0,0,36.53
5,1,0,0,0,36.79
5,1,0,0,0,36.84
5,1,0,0,0,36.96
5,1,0,0,0,36.98
5,1,0,0,0,36.98
5,1,0,0,0,37.17
5,1,0,0,0,37.26
5,1,0,0,0,37.58
5,1,0,0,0,37.63
5,1,0,0,0,37.8
5,1,0,0,0,37.93
5,1,0,0,0,38.11
5,1,0,0,0,38.11
5,1,0,0,0,38.67
5,1,0,0,0,38.67
5,1,0,0,0,38.75
5,1,0,0,0,38.81
5,1,0,0,0,38.85
5,1,0,0,0,38.9
5,1,0,0,0,38.97
5,1,0,0,0,39.33
5,1,0,0,0,39.38
5,1,0,0,0,39.7
5,1,0,0,0,39.77
5,1,0,0,0,39.91
5,1,0,0,0,40.04
5,1,0,0,0,40.53
5,1,0,0,0,40.72
5,1,0,0,0,40.75
5,1,0,0,0,40.86
5,1,0,0,0,40.96
5,1,0,0,0,41.51
5,1,0,0,0,41.68
5,1,0,0,0,42.01
5,1,0,0,0,42.13
5,1,0,0,0,42.17
5,1,0,0,0,42.2
5,1,0,0,0,42.3
5,1,0,0,0,42.34
5,1,0,0,0,42.52
5,1,0,0,0,42.65
5,1,0,0,0,43.19
5,1,0,0,0,43.22
5,1,0,0,0,43.32
6,1,0,0,0,43.8
6,1,0,0,0,44.01
6,1,0,0,0,44.12
6,1,0,0,0,44.29
6,1,0,0,0,44.29
6,1,0,0,0,44.35
6,1,0,0,0,44.68
6,1,0,0,0,44.84
6,1,0,0,0,44.88
6,1,0,0,0,44.89
6,1,0,0,0,45.0
6,1,0,0,0,45.12
6,1,0,0,0,45.25
6,1,0,0,0,45.69
6,1,0,0,0,45.75
6,1,0,0,0,45.94
6,1,0,0,0,45.99
6,1,0,0,0,46.21
6,1,0,0,0,46.58
6,1,0,0,0,46.78
6,1,0,0,0,46.88
6,1,0,0,0,47.12
6,1,0,0,0,47.12
6,1,0,0,0,47.25
6,1,0,0,0,47.43
6,1,0,0,0,47.83
6,1,0,0,0,48.62
6,1,0,0,0,48.71
6,1,0,0,0,48.8
6,1,0,0,0,48.89
6,1,0,0,0,48.95
6,1,0,0,0,49.08
6,1,0,0,0,49.2
6,1,0,0,0,49.97
6,1,0,0,0,50.05
6,1,0,0,0,50.14
6,1,0,0,0,50.27
6,1,0,0,0,50.89
6,1,0,0,0,50.96
6,1,0,0,0,51.01
6,1,0,0,0,51.02
6,1,0,0,0,51.04
6,1,0,0,0,51.28
6,1,0,0,0,51.29
6,1,0,0,0,51.31
6,1,0,0,0,51.76
6,1,0,0,0,51.99
6,1,0,0,0,52.26
6,1,0,0,0,52.27
6,1,0,0,0,52.4
6,1,0,0,0,52.44
6,1,0,0,0,52.64
6,1,0,0,0,52.67
6,1,0,0,0,52.97
6,1,0,0,0,53.26
6,1,0,0,0,53.74
6,1,0,0,0,53.74
6,1,0,0,0,53.75
6,1,0,0,0,54.06
6,1,0,0,0,54.56
6,1,0,0,0,54.97
6,1,0,0,0,55.14
6,1,0,0,0,55.37
6,1,0,0,0,55.71
6,1,0,0,0,55.95
6,1,0,0,0,56.16
6,1,0,0,0,56.22
6,1,0,0,0,56.35
6,1,0,0,0,56.87
6,1,0,0,0,57.01
6,1,0,0,0,57.04
6,1,0,0,0,57.51
6,1,0,0,0,57.68
6,1,0,0,0,57.86
6,1,0,0,0,57.86
6,1,0,0,0,58.04
6,1,0,0,0,58.11
6,1,0,0,0,58.33
6,1,0,0,0,58.36
6,1,0,0,0,58.86
6,1,0,0,0,59.1
6,1,0,0,0,59.16
6,1,0,0,0,59.23
6,1,0,0,0,59.95
6,1,0,0,0,60.33
6,1,0,0,0,61.02
6,1,0,0,0,61.06
6,1,0,0,0,61.5
6,1,0,0,0,61.55
6,1,0,0,0,61.59
6,1,0,0,0,61.63
6,1,0,0,0,61.87
6,1,0,0,0,61.88
6,1,0,0,0,62.16
6,1,0,0,0,62.22
6,1,0,0,0,62.52
6,1,0,0,0,62.79
6,1,0,0,0,62.82
6,1,0,0,0,62.87
6,1,0,0,0,62.87
6,1,0,0,0,63.22
6,1,0,0,0,63.55
6,1,0,0,0,63.56
6,1,0,0,0,64.02
6,1,0,0,0,64.92
6,1,0,0,0,64.93
6,1,0,0,0,64.97
6,1,0,0,0,65.06
6,1,0,0,0,65.39
6,1,0,0,0,65.72
6,1,0,0,0,65.87
6,1,0,0,0,66.1
6,1,0,0,0,66.12
6,1,0,0,0,66.33
6,1,0,0,0,66.43
6,1,0,0,0,66.45
6,1,0,0,0,66.51
6,1,0,0,0,66.91
6,1,0,0,0,66.97
6,1,0,0,0,66.98
6,1,0,0,0,67.1
6,1,0,0,0,67.58
6,1,0,0,0,67.81
6,1,0,0,0,67.91
6,1,0,0,0,68.21
6,1,0,0,0,68.59
6,1,0,0,0,68.89
6,1,0,0,0,68.94
6,1,0,0,0,69.11
6,1,0,0,0,69.2
6,1,0,0,0,69.26
6,1,0,0,0,69.29
6,1,0,0,0,69.61
6,1,0,0,0,69.75
6,1,0,0,0,70.05
6,1,0,0,0,70.19
6,1,0,0,0,70.31
6,1,0,0,0,70.48
6,1,0,0,0,71.12
6,1,0,0,0,71.99
6,1,0,0,0,72.05
6,1,0,0,0,72.06
6,1,0,0,0,72.74
6,1,0,0,0,72.87
6,1,0,0,0,73.03
6,1,0,0,0,73.05
6,1,0,0,0,73.26
7,1,0,0,0,73.32
7,1,0,0,0,73.44
7,1,0,0,0,73.47
7,1,0,0,0,73.52
7,1,0,0,0,73.62
7,1,0,0,0,73.87
7,1,0,0,0,73.99
7,1,0,0,0,74.36
7,1,0,0,0,74.77
7,1,0,0,0,74.91
7,1,0,0,0,74.95
7,1,0,0,0,75.48
7,1,0,0,0,76.11
7,1,0,0,0,76.14
7,1,0,0,0,76.2
7,1,0,0,0,76.42
7,1,0,0,0,76.83
7,1,0,0,0,76.93
7,1,0,0,0,77.04
7,1,0,0,0,77.46
7,1,0,0,0,77.5
7,1,0,0,0,77.96
7,1,0,0,0,78.04
7,1,0,0,0,78.18
7,1,0,0,0,78.47
7,1,0,0,0,78.9
7,1,0,0,0,79.48
7,1,0,0,0,80.27
7,1,0,0,0,80.95
7,1,0,0,0,81.0
7,1,0,0,0,81.02
7,1,0,0,0,81.17
7,1,0,0,0,81.71
7,1,0,0,0,81.79
7,1,0,0,0,81.9
7,1,0,0,0,81.91
7,1,0,0,0,82.01
7,1,0,0,0,82.21
7,1,0,0,0,82.23
7,1,0,0,0,82.26
7,1,0,0,0,82.73
7,1,0,0,0,82.9
7,1,0,0,0,83.01
7,1,0,0,0,83.46
7,1,0,0,0,83.51
7,1,0,0,0,83.64
7,1,0,0,0,83.82
7,1,0,0,0,84.03
7,1,0,0,0,84.28
7,1,0,0,0,84.75
7,1,0,0,0,84.9
7,1,0,0,0,85.0
7,1,0,0,0,85.03
7,1,0,0,0,85.06
7,1,0,0,0,85.29
7,1,0,0,0,85.39
7,1,0,0,0,85.46
7,1,0,0,0,85.68
7,1,0,0,0,85.96
7,1,0,0,0,86.06
7,1,0,0,0,86.93
7,1,0,0,0,86.98
7,1,0,0,0,87.16
7,1,0,0,0,87.45
7,1,0,0,0,87.67
7,1,0,0,0,87.76
7,1,0,0,0,87.83
7,1,0,0,0,88.16
7,1,0,0,0,88.17
7,1,0,0,0,88.54
7,1,0,0,0,88.76
7,1,0,0,0,88.76
7,1,0,0,0,88.76
7,1,0,0,0,88.98
7,1,0,0,0,89.01
7,1,0,0,0,89.14
7,1,0,0,0,89.57
7,1,0,0,0,89.95
7,1,0,0,0,90.04
7,1,0,0,0,90.06
7,1,0,0,0,90.12
7,1,0,0,0,90.34
7,1,0,0,0,90.72
7,1,0,0,0,90.97
7,1,0,0,0,91.32
7,1,0,0,0,92.17
7,1,0,0,0,92.21
7,1,0,0,0,92.59
7,1,0,0,0,92.82
7,1,0,0,0,93.01
7,1,0,0,0,93.02
7,1,0,0,0,93.07
7,1,0,0,0,93.12
7,1,0,0,0,93.77
7,1,0,0,0,93.79
7,1,0,0,0,93.87
7,1,0,0,0,94.14
7,1,0,0,0,94.15
7,1,0,0,0,94.4
7,1,0,0,0,94.63
7,1,0,0,0,94.66
7,1,0,0,0,95.71
7,1,0,0,0,96.01
7,1,0,0,0,96.13
7,1,0,0,0,96.4
7,1,0,0,0,97.32
7,1,0,0,0,97.41
7,1,0,0,0,97.44
7,1,0,0,0,97.47
7,1,0,0,0,98.04
7,1,0,0,0,98.07
7,1,0,0,0,99.21
7,1,0,0,0,99.55
7,1,0,0,0,99.7
7,1,0,0,0,99.79
7,1,0,0,0,99.85
7,1,0,0,0,99.92
7,1,0,0,0,100.31
7,1,0,0,0,100.39
7,1,0,0,0,101.66
7,1,0,0,0,101.75
7,1,0,0,0,101.94
7,1,0,0,0,102.13
7,1,0,0,0,102.69
7,1,0,0,0,102.76
7,1,0,0,0,103.14
7,1,0,0,0,103.72
7,1,0,0,0,103.99
7,1,0,0,0,104.15
8,1,0,0,0,105.0
8,1,0,0,0,105.43
8,1,0,0,0,105.83
8,1,0,0,0,106.06
8,1,0,0,0,106.44
8,1,0,0,0,106.45
8,1,0,0,0,107.16
8,1,0,0,0,107.22
8,1,0,0,0,107.39
8,1,0,0,0,107.75
8,1,0,0,0,107.84
8,1,0,0,0,107.92
8,1,0,0,0,108.18
8,1,0,0,0,108.45
8,1,0,0,0,109.01
8,1,0,0,0,109.56
8,1,0,0,0,109.59
8,1,0,0,0,110.23
8,1,0,0,0,110.71
8,1,0,0,0,110.81
8,1,0,0,0,110.89
8,1,0,0,0,110.96
8,1,0,0,0,111.24
8,1,0,0,0,111.48
8,1,0,0,0,111.64
8,1,0,0,0,111.69
8,1,0,0,0,112.04
8,1,0,0,0,112.09
8,1,0,0,0,112.77
8,1,0,0,0,113.12
8,1,0,0,0,113.75
8,1,0,0,0,113.76
8,1,0,0,0,113.77
8,1,0,0,0,113.91
8,1,0,0,0,114.08
8,1,0,0,0,114.58
8,1,0,0,0,115.12
8,1,0,0,0,115.15
8,1,0,0,0,115.35
8,1,0,0,0,115.56
8,1,0,0,0,116.06
8,1,0,0,0,116.29
8,1,0,0,0,116.54
8,1,0,0,0,117.57
8,1,0,0,0,118.0
8,1,0,0,0,118.05
8,1,0,0,0,118.07
8,1,0,0,0,118.24
8,1,0,0,0,118.7
8,1,0,0,0,118.81
8,1,0,0,0,118.82
8,1,0,0,0,119.04
8,1,0,0,0,119.4
8,1,0,0,0,119.6
8,1,0,0,0,119.69
8,1,0,0,0,119.95
8,1,0,0,0,121.01
8,1,0,0,0,121.76
8,1,0,0,0,121.87
8,1,0,0,0,121.89
8,1,0,0,0,122.29
8,1,0,0,0,122.8
8,1,0,0,0,123.54
8,1,0,0,0,123.63
8,1,0,0,0,123.83
8,1,0,0,0,123.9
8,1,0,0,0,124.02
8,1,0,0,0,124.2
8,1,0,0,0,124.55
8,1,0,0,0,124.93
8,1,0,0,0,125.04
8,1,0,0,0,125.07
8,1,0,0,0,125.54
8,1,0,0,0,125.62
8,1,0,0,0,125.98
8,1,0,0,0,126.1
8,1,0,0,0,127.2
8,1,0,0,0,127.32
8,1,0,0,0,127.93
8,1,0,0,0,128.2
8,1,0,0,0,128.28
8,1,0,0,0,128.47
8,1,0,0,0,128.52
8,1,0,0,0,128.88
8,1,0,0,0,128.92
8,1,0,0,0,129.09
8,1,0,0,0,129.16
8,1,0,0,0,129.82
8,1,0,0,0,130.02
8,1,0,0,0,130.03
8,1,0,0,0,130.44
8,1,0,0,0,131.71
8,1,0,0,0,131.79
8,1,0,0,0,132.0
8,1,0,0,0,132.1
8,1,0,0,0,132.18
8,1,0,0,0,132.19
8,1,0,0,0,132.54
8,1,0,0,0,132.75
8,1,0,0,0,132.81
8,1,0,0,0,132.93
8,1,0,0,0,133.08
8,1,0,0,0,133.25
8,1,0,0,0,133.9
8,1,0,0,0,134.79
8,1,0,0,0,135.61
8,1,0,0,0,135.85
8,1,0,0,0,135.95
9,1,0,0,0,136.22
9,1,0,0,0,136.44
9,1,0,0,0,136.57
9,1,0,0,0,136.6
9,1,0,0,0,136.78
9,1,0,0,0,137.46
9,1,0,0,0,137.93
9,1,0,0,0,138.17
9,1,0,0,0,138.31
9,1,0,0,0,138.7
9,1,0,0,0,138.72
9,1,0,0,0,139.06
9,1,0,0,0,139.06
9,1,0,0,0,139.23
9,1,0,0,0,139.56
9,1,0,0,0,139.8
9,1,0,0,0,139.98
9,1,0,0,0,139.99
9,1,0,0,0,140.37
9,1,0,0,0,140.56
9,1,0,0,0,140.97
9,1,0,0,0,142.17
9,1,0,0,0,142.2
9,1,0,0,0,142.29
9,1,0,0,0,142.86
9,1,0,0,0,142.95
9,1,0,0,0,142.98
9,1,0,0,0,143.93
9,1,0,0,0,143.96
9,1,0,0,0,144.4
9,1,0,0,0,144.68
9,1,0,0,0,145.61
9,1,0,0,0,145.89
9,1,0,0,0,145.89
9,1,0,0,0,145.98
9,1,0,0,0,146.1
9,1,0,0,0,146.15
9,1,0,0,0,146.68
9,1,0,0,0,146.73
9,1,0,0,0,146.89
9,1,0,0,0,146.92
9,1,0,0,0,146.94
9,1,0,0,0,146.94
9,1,0,0,0,146.97
9,1,0,0,0,146.97
9,1,0,0,0,147.28
9,1,0,0,0,147.77
9,1,0,0,0,147.99
9,1,0,0,0,148.09
9,1,0,0,0,148.34
9,1,0,0,0,148.39
9,1,0,0,0,148.92
9,1,0,0,0,149.97
9,1,0,0,0,150.03
9,1,0,0,0,150.21
9,1,0,0,0,150.22
9,1,0,0,0,150.97
9,1,0,0,0,151.04
9,1,0,0,0,151.1
9,1,0,0,0,151.56
9,1,0,0,0,151.58
9,1,0,0,0,151.92
9,1,0,0,0,153.18
9,1,0,0,0,153.52
9,1,0,0,0,153.95
9,1,0,0,0,154.13
9,1,0,0,0,154.13
9,1,0,0,0,154.25
9,1,0,0,0,155.0
9,1,0,0,0,155.03
9,1,0,0,0,155.04
9,1,0,0,0,155.09
9,1,0,0,0,155.55
9,1,0,0,0,155.76
9,1,0,0,0,155.89
9,1,0,0,0,156.26
9,1,0,0,0,156.68
9,1,0,0,0,157.1
9,1,0,0,0,157.38
9,1,0,0,0,157.5
9,1,0,0,0,157.72
9,1,0,0,0,157.9
9,1,0,0,0,157.96
9,1,0,0,0,158.83
9,1,0,0,0,158.87
9,1,0,0,0,159.29
9,1,0,0,0,160.04
9,1,0,0,0,160.07
9,1,0,0,0,160.2
9,1,0,0,0,160.55
10,1,0,0,0,160.58
10,1,0,0,0,160.76
10,1,0,0,0,160.93
10,1,0,0,0,161.06
10,1,0,0,0,161.67
10,1,0,0,0,161.68
10,1,0,0,0,161.68
10,1,0,0,0,162.03
10,1,0,0,0,162.24
10,1,0,0,0,162.52
10,1,0,0,0,162.7
10,1,0,0,0,163.08
10,1,0,0,0,163.12
10,1,0,0,0,163.27
10,1,0,0,0,163.55
10,1,0,0,0,163.66
10,1,0,0,0,163.76
10,1,0,0,0,163.89
10,1,0,0,0,164.43
10,1,0,0,0,164.72
10,1,0,0,0,164.78
10,1,0,0,0,164.78
10,1,0,0,0,164.83
10,1,0,0,0,164.89
10,1,0,0,0,165.11
10,1,0,0,0,165.79
10,1,0,0,0,165.79
10,1,0,0,0,165.83
10,1,0,0,0,166.01
10,1,0,0,0,166.84
10,1,0,0,0,167.28
10,1,0,0,0,167.49
10,1,0,0,0,168.13
10,1,0,0,0,168.37
10,1,0,0,0,168.84
10,1,0,0,0,168.85
10,1,0,0,0,169.26
10,1,0,0,0,169.4
10,1,0,0,0,169.67
10,1,0,0,0,169.75
10,1,0,0,0,170.63
10,1,0,0,0,170.71
10,1,0,0,0,170.78
10,1,0,0,0,171.02
10,1,0,0,0,171.18
10,1,0,0,0,171.37
10,1,0,0,0,172.41
10,1,0,0,0,172.43
10,1,0,0,0,172.75
10,1,0,0,0,173.05
10,1,0,0,0,174.25
10,1,0,0,0,174.27
10,1,0,0,0,174.61
10,1,0,0,0,174.75
10,1,0,0,0,174.84
10,1,0,0,0,175.01
10,1,0,0,0,175.59
10,1,0,0,0,175.87
10,1,0,0,0,178.2
10,1,0,0,0,178.66
10,1,0,0,0,178.87
10,1,0,0,0,179.32
10,1,0,0,0,179.33
10,1,0,0,0,179.48
10,1,0,0,0,179.85
10,1,0,0,0,179.96
10,1,0,0,0,180.05
10,1,0,0,0,180.72
10,1,0,0,1,180.83
10,1,0,0,1,181.03
10,1,0,0,1,181.13
10,1,0,0,1,181.91
10,1,0,0,1,181.93
10,1,0,0,1,182.48
10,1,0,0,1,184.57
11,1,0,0,1,187.08
11,1,0,0,1,187.98
11,1,0,0,1,188.02
11,1,0,0,1,188.35
11,1,0,0,1,188.49
11,1,0,0,1,188.67
11,1,0,0,1,188.93
11,1,0,0,1,189.9
11,1,0,0,1,190.2
11,1,0,0,1,190.9
11,1,0,0,1,192.03
11,1,0,0,1,192.57
11,1,0,0,1,192.6
11,1,0,0,1,193.23
11,1,0,0,1,194.12
11,1,0,0,1,194.89
11,1,0,0,1,195.02
11,1,0,0,1,196.42
11,1,0,0,1,196.88
11,1,0,0,1,196.91
11,1,0,0,1,196.99
11,1,0,0,1,197.05
11,1,0,0,1,197.52
11,1,0,0,1,197.81
11,1,0,0,1,197.91
11,1,0,0,1,198.23
11,1,0,0,1,198.7
11,1,0,0,1,198.92
11,1,0,0,1,199.02
11,1,0,0,1,199.05
11,1,0,0,1,199.19
11,1,0,0,1,199.82
11,1,0,0,1,199.95
11,1,0,0,1,200.73
11,1,0,0,1,201.8
11,1,0,0,1,201.96
11,1,0,0,1,202.12
11,1,0,0,1,202.16
11,1,0,0,1,202.63
11,1,0,0,1,203.06
11,1,0,0,1,203.37
11,1,0,0,1,204.14
11,1,0,0,1,206.79
11,1,0,0,1,207.08
11,1,0,0,1,207.09
11,1,0,0,1,207.27
11,1,0,0,1,207.98
11,1,0,0,1,208.96
11,1,0,0,1,209.0
11,1,0,0,1,209.49
11,1,0,0,1,209.79
11,1,0,0,1,211.18
11,1,0,0,1,211.28
11,1,0,0,1,211.55
11,1,0,0,1,212.83
11,1,0,0,1,213.01
11,1,0,0,1,213.71
11,1,0,0,1,213.77
11,1,0,0,1,213.97
11,1,0,0,1,214.13
11,1,0,0,1,214.26
11,1,0,0,1,214.61
11,1,0,0,1,214.63
11,1,0,0,1,215.34
11,1,0,0,1,215.66
11,1,0,0,1,216.21
11,1,0,0,1,217.87
11,1,0,0,1,218.02
11,1,0,0,1,218.05
12,1,0,0,1,218.76
12,1,0,0,1,219.81
12,1,0,0,1,220.45
12,1,0,0,1,221.49
12,1,0,0,1,221.98
12,1,0,0,1,223.19
12,1,0,0,1,223.42
12,1,0,0,1,223.48
12,1,0,0,1,223.94
12,1,0,0,1,224.16
12,1,0,0,1,224.35
12,1,0,0,1,224.73
12,1,0,0,1,225.05
12,1,0,0,1,225.1
12,1,0,0,1,225.15
12,1,0,0,1,225.32
12,1,0,0,1,225.51
12,1,0,0,1,225.78
12,1,0,0,1,225.99
12,1,0,0,1,226.0
12,1,0,0,1,226.22
12,1,0,0,1,226.71
12,1,0,0,1,226.79
12,1,0,0,1,227.0
12,1,0,0,1,227.48
12,1,0,0,1,227.59
12,1,0,0,1,227.83
12,1,0,0,1,227.97
12,1,0,0,1,228.39
12,1,0,0,1,228.75
12,1,0,0,1,228.99
12,1,0,0,1,230.65
12,1,0,0,1,230.9
12,1,0,0,1,230.93
12,1,0,0,1,231.02
12,1,0,0,1,231.63
12,1,0,0,1,231.77
12,1,0,0,1,231.98
12,1,0,0,1,232.14
12,1,0,0,1,232.22
12,1,0,0,1,232.3
12,1,0,0,1,232.6
12,1,0,0,1,232.86
12,1,0,0,1,233.76
12,1,0,0,1,233.95
12,1,0,0,1,234.19
12,1,0,0,1,235.8
12,1,0,0,1,236.11
12,1,0,0,1,236.3
12,1,0,0,1,236.73
12,1,0,0,1,236.89
12,1,0,0,1,237.79
12,1,0,0,1,238.07
12,1,0,0,1,238.59
12,1,0,0,1,238.61
12,1,0,0,1,238.78
12,1,0,0,1,238.98
12,1,0,0,1,239.1
12,1,0,0,1,239.62
12,1,0,0,1,240.54
12,1,0,0,1,241.75
12,1,0,0,1,242.09
12,1,0,0,1,242.66
13,1,0,0,1,242.9
13,1,0,0,1,243.01
13,1,0,0,1,243.8
13,1,0,0,1,243.92
13,1,0,0,1,243.98
13,1,0,0,1,243.99
13,1,0,0,1,244.08
13,1,0,0,1,244.99
13,1,0,0,1,245.01
13,1,0,0,1,245.33
13,1,0,0,1,245.51
13,1,0,0,1,245.72
13,1,0,0,1,246.22
13,1,0,0,1,246.58
13,1,0,0,1,247.26
13,1,0,0,1,247.81
13,1,0,0,1,247.89
13,1,0,0,1,247.94
13,1,0,0,1,248.18
13,1,0,0,1,248.35
13,1,0,0,1,249.2
13,1,0,0,1,249.76
13,1,0,0,1,250.14
13,1,0,0,1,250.68
13,1,0,0,1,250.97
13,1,0,0,1,251.2
13,1,0,0,1,251.54
13,1,0,0,1,251.96
13,1,0,0,1,252.19
13,1,0,0,1,252.8
13,1,0,0,1,253.09
13,1,0,0,1,253.39
13,1,0,0,1,254.27
13,1,0,0,1,254.7
13,1,0,0,1,254.88
13,1,0,0,1,254.91
13,1,0,0,1,255.14
13,1,0,0,1,257.23
13,1,0,0,1,257.71
13,1,0,0,1,257.79
13,1,0,0,1,258.02
13,1,0,0,1,258.42
13,1,0,0,1,258.43
13,1,0,0,1,258.52
13,1,0,0,1,258.56
13,1,0,0,1,258.73
14,1,0,0,1,258.8
14,1,0,0,1,259.31
14,1,0,0,1,259.46
14,1,0,0,1,259.9
14,1,0,0,1,260.58
14,1,0,0,1,260.59
14,1,0,0,1,261.63
14,1,0,0,1,262.0
14,1,0,0,1,262.96
14,1,0,0,1,263.13
14,1,0,0,1,263.32
14,1,0,0,1,263.65
14,1,0,0,1,263.89
14,1,0,0,1,264.15
14,1,0,0,1,266.1
14,1,0,0,1,266.17
14,1,0,0,1,266.18
14,1,0,0,1,266.75
14,1,0,0,1,266.96
14,1,0,0,1,268.91
14,1,0,0,1,269.55
14,1,0,0,1,270.17
14,1,0,0,1,270.33
14,1,0,0,1,271.2
14,1,0,0,1,271.65
14,1,0,0,1,271.66
14,1,0,0,1,271.67
14,1,0,0,1,272.02
14,1,0,0,1,273.06
14,1,0,0,1,273.37
14,1,0,0,1,273.61
14,1,0,0,1,273.88
14,1,0,0,1,274.27
14,1,0,0,1,274.81
14,1,0,0,1,274.93
14,1,0,0,1,274.99
14,1,0,0,1,275.35
14,1,0,0,1,276.06
14,1,0,0,1,276.11
14,1,0,0,1,276.81
14,1,0,0,1,276.99
14,1,0,0,1,277.11
14,1,0,0,1,277.17
14,1,0,0,1,277.4
14,1,0,0,1,277.85
14,1,0,0,1,277.89
14,1,0,0,1,278.98
14,1,0,0,1,279.05
14,1,0,0,1,279.27
14,1,0,0,1,279.57
14,1,0,0,1,279.59
14,1,0,0,1,279.62
14,1,0,0,1,279.66
14,1,0,0,1,280.06
15,1,0,0,1,280.15
15,1,0,0,1,280.39
15,1,0,0,1,280.95
15,1,0,0,1,281.6
15,1,0,0,1,282.5
15,1,0,0,1,283.4
15,1,0,0,1,283.6
15,1,0,0,1,284.14
15,1,0,0,1,284.49
15,1,0,0,1,284.71
15,1,0,0,1,285.11
15,1,0,0,1,285.71
15,1,0,0,1,286.08
15,1,0,0,1,286.24
15,1,0,0,1,286.45
15,1,0,0,1,286.54
15,1,0,0,1,287.8
15,1,0,0,1,287.81
15,1,0,0,1,287.85
15,1,0,0,1,289.13
15,1,0,0,1,289.24
15,1,0,0,1,290.27
15,1,0,0,1,291.64
15,1,0,0,1,292.07
15,1,0,0,1,292.36
15,1,0,0,1,292.58
15,1,0,0,1,294.02
15,1,0,0,1,294.93
15,1,0,0,1,295.27
15,1,0,0,1,296.26
15,1,0,0,1,296.6
15,1,0,0,1,296.72
15,1,0,0,1,297.17
15,1,0,0,1,297.32
15,1,0,0,1,297.71
15,1,0,0,1,298.83
15,1,0,0,1,298.93
15,1,0,0,1,298.99
15,1,0,0,1,299.13
15,1,0,0,1,300.15
15,1,0,0,1,300.73
15,1,0,0,1,301.33
15,1,0,0,1,301.81
15,1,0,0,1,303.35
15,1,0,0,1,303.4
15,1,0,0,1,304.76
15,1,0,0,1,305.56
15,1,0,0,1,306.43
15,1,0,0,1,307.11
15,1,0,0,1,307.13
16,1,0,0,1,307.69
16,1,0,0,1,308.81
16,1,0,0,1,308.89
16,1,0,0,1,309.21
16,1,0,0,1,309.53
16,1,0,0,1,309.94
16,1,0,0,1,310.02
16,1,0,0,1,310.36
16,1,0,0,1,311.92
16,1,0,0,1,312.03
16,1,0,0,1,312.3
16,1,0,0,1,313.0
16,1,0,0,1,314.01
16,1,0,0,1,314.07
16,1,0,0,1,314.99
16,1,0,0,1,315.0
16,1,0,0,1,315.29
16,1,0,0,1,315.66
16,1,0,0,1,315.83
16,1,0,0,1,316.32
16,1,0,0,1,316.68
16,1,0,0,1,316.93
16,1,0,0,1,317.39
16,1,0,0,1,317.67
16,1,0,0,1,318.8
16,1,0,0,1,319.65
16,1,0,0,1,320.55
16,1,0,0,1,321.04
16,1,0,0,1,321.93
16,1,0,0,1,321.94
16,1,0,0,1,322.57
16,1,0,0,1,322.85
16,1,0,0,1,323.13
16,1,0,0,1,323.55
16,1,0,0,1,323.95
16,1,0,0,1,325.02
16,1,0,0,1,325.45
16,1,0,0,1,326.09
16,1,0,0,1,326.48
16,1,0,0,1,326.77
16,1,0,0,1,327.33
16,1,0,0,1,327.69
16,1,0,0,1,327.84
16,1,0,0,1,327.85
16,1,0,0,1,328.86
16,1,0,0,1,329.1
16,1,0,0,1,329.27
16,1,0,0,1,329.38
16,1,0,0,1,330.64
17,1,0,0,1,330.72
17,1,0,0,1,331.06
17,1,0,0,1,331.06
17,1,0,0,1,331.07
17,1,0,0,1,331.75
17,1,0,0,1,332.3
17,1,0,0,1,333.32
17,1,0,0,1,333.42
17,1,0,0,1,333.91
17,1,0,0,1,334.57
17,1,0,0,1,334.58
17,1,0,0,1,334.91
17,1,0,0,1,336.96
17,1,0,0,1,337.13
17,1,0,0,1,337.45
17,1,0,0,1,337.89
17,1,0,0,1,337.96
17,1,0,0,1,338.62
17,1,0,0,1,338.83
17,1,0,0,1,339.57
17,1,0,0,1,339.86
17,1,0,0,1,339.88
17,1,0,0,1,340.64
17,1,0,0,1,341.01
17,1,0,0,1,342.24
17,1,0,0,1,342.88
17,1,0,0,1,343.73
17,1,0,0,1,344.14
17,1,0,0,1,344.17
17,1,0,0,1,344.43
17,1,0,0,1,345.14
17,1,0,0,1,345.27
17,1,0,0,1,345.39
17,1,0,0,1,345.41
17,1,0,0,1,347.01
17,1,0,0,1,347.18
17,1,0,0,1,347.51
17,1,0,0,1,347.96
17,1,0,0,1,347.99
17,1,0,0,1,348.08
17,1,0,0,1,348.43
17,1,0,0,1,349.39
17,1,0,0,1,349.79
17,1,0,0,1,350.07
17,1,0,0,1,350.33
18,1,0,0,1,350.37
18,1,0,0,1,351.79
18,1,0,0,1,352.23
18,1,0,0,1,353.46
18,1,0,0,1,353.86
18,1,0,0,1,354.13
18,1,0,0,1,354.17
18,1,0,0,1,355.16
18,1,0,0,1,355.96
18,1,0,0,1,356.38
18,1,0,0,1,356.72
18,1,0,0,1,356.83
18,1,0,0,1,357.25
18,1,0,0,1,357.27
18,1,0,0,1,358.72
18,1,0,0,1,358.94
18,1,0,0,1,359.85
18,1,0,0,1,359.94
18,1,0,0,1,360.03
18,1,0,0,1,360.54
18,1,0,0,1,360.83
18,1,0,0,1,360.89
18,1,0,0,1,360.99
18,1,0,0,1,362.15
18,1,0,0,1,363.22
18,1,0,0,1,364.0
18,1,0,0,1,364.41
18,1,0,0,1,364.53
18,1,0,0,1,364.95
18,1,0,0,1,365.05
18,1,0,0,1,365.55
18,1,0,0,1,366.46
18,1,0,0,1,366.52
18,1,0,0,1,368.14
18,1,0,0,1,369.19
18,1,0,0,1,369.39
18,1,0,0,1,369.59
18,1,0,0,1,370.13
18,1,0,0,1,370.22
18,1,0,0,1,370.3
18,1,0,0,1,370.39
18,1,0,0,1,370.48
18,1,0,0,1,371.98
18,1,0,0,1,372.05
18,1,0,0,1,374.59
18,1,0,0,1,374.8
18,1,0,0,1,376.81
18,1,0,0,1,376.91
19,1,0,0,1,377.43
19,1,0,0,1,377.64
19,1,0,0,1,377.77
19,1,0,0,1,378.42
19,1,0,0,1,378.6
19,1,0,0,1,379.13
19,1,0,0,1,379.36
19,1,0,0,1,379.82
19,1,0,0,1,379.95
19,1,0,0,1,380.22
19,1,0,0,1,380.42
19,1,0,0,1,380.52
19,1,0,0,1,380.65
19,1,0,0,1,380.87
19,1,0,0,1,380.96
19,1,0,0,1,381.04
19,1,0,0,1,381.71
19,1,0,0,1,381.71
19,1,0,0,1,381.75
19,1,0,0,1,381.98
19,1,0,0,1,382.28
19,1,0,0,1,382.53
19,1,0,0,1,383.01
19,1,0,0,1,383.05
19,1,0,0,1,383.12
19,1,0,0,1,383.15
19,1,0,0,1,383.99
19,1,0,0,1,384.23
19,1,0,0,1,384.38
19,1,0,0,1,384.97
19,1,0,0,1,385.24
19,1,0,0,1,385.25
19,1,0,0,1,386.01
19,1,0,0,1,386.45
19,1,0,0,1,386.62
19,1,0,0,1,386.91
19,1,0,0,1,387.53
19,1,0,0,1,387.65
19,1,0,0,1,388.96
19,1,0,0,1,389.42
19,1,0,0,1,389.66
19,1,0,0,1,390.61
19,1,0,0,1,390.99
19,1,0,0,1,391.09
19,1,0,0,1,391.88
19,1,0,0,1,393.98
19,1,0,0,1,395.16
19,1,0,0,1,395.95
19,1,0,0,1,396.49
19,1,0,0,1,397.04
19,1,0,0,1,397.33
19,1,0,0,1,397.6
19,1,0,0,1,397.94
20,1,0,0,1,398.68
20,1,0,0,1,398.99
20,1,0,0,1,399.11
20,1,0,0,1,399.21
20,1,0,0,1,399.45
20,1,0,0,1,399.45
20,1,0,0,1,399.87
20,1,0,0,1,400.65
20,1,0,0,1,400.67
20,1,0,0,1,401.0
20,1,0,0,1,401.17
20,1,0,0,1,401.46
20,1,0,0,1,401.7
20,1,0,0,1,401.75
20,1,0,0,1,402.6
20,1,0,0,1,402.8
20,1,0,0,1,402.86
20,1,0,0,1,403.23
20,1,0,0,1,403.8
20,1,0,0,1,404.86
20,1,0,0,1,405.46
20,1,0,0,1,405.62
20,1,0,0,1,405.66
20,1,0,0,1,405.96
20,1,0,0,1,405.97
20,1,0,0,1,406.05
20,1,0,0,1,406.83
20,1,0,0,1,407.2
20,1,0,0,1,407.32
20,1,0,0,1,407.77
20,1,0,0,1,408.4
20,1,0,0,1,409.05
20,1,0,0,1,410.09
20,1,0,0,1,410.84
20,1,0,0,1,410.99
20,1,0,0,1,411.04
20,1,0,0,1,411.41
20,1,0,0,1,411.44
21,1,0,0,1,411.67
21,1,0,0,1,412.92
21,1,0,0,1,413.14
21,1,0,0,1,413.7
21,1,0,0,1,413.72
21,1,0,0,1,413.79
21,1,0,0,1,413.96
21,1,0,0,1,414.02
21,1,0,0,1,414.09
21,1,0,0,1,414.49
21,1,0,0,1,414.8
21,1,0,0,1,414.87
21,1,0,0,1,415.32
21,1,0,0,1,415.96
21,1,0,0,1,416.4
21,1,0,0,1,416.67
21,1,0,0,1,416.96
21,1,0,0,1,418.27
21,1,0,0,2,418.78
21,1,0,0,2,418.82
21,1,0,0,2,419.2
21,1,0,0,2,420.98
21,1,0,0,2,421.47
21,1,0,0,2,421.72
21,1,0,0,2,422.07
22,1,0,0,2,422.22
22,1,0,0,2,423.59
22,1,0,0,2,423.74
22,1,0,0,2,423.82
22,1,0,0,2,423.86
22,1,0,0,2,423.86
22,1,0,0,2,424.74
22,1,0,0,2,426.45
22,1,0,0,2,427.26
22,1,0,0,2,427.94
22,1,0,0,2,428.54
22,1,0,0,2,428.7
22,1,0,0,2,428.71
22,1,0,0,2,428.96
22,1,0,0,2,429.68
22,1,0,0,2,429.87
22,1,0,0,2,430.03
22,1,0,0,2,430.05
22,1,0,0,2,431.37
22,1,0,0,2,433.84
22,1,0,0,2,434.12
22,1,0,0,2,435.25
22,1,0,0,2,435.94
22,1,0,0,2,436.5
22,1,0,0,2,436.95
22,1,0,0,2,437.59
22,1,0,0,2,438.99
22,1,0,0,2,439.24
22,1,0,0,2,439.46
23,1,0,0,2,439.91
23,1,0,0,2,440.43
23,1,0,0,2,441.25
23,1,0,0,2,441.32
23,1,0,0,2,442.92
23,1,0,0,2,443.96
23,1,0,0,2,444.14
23,1,0,0,2,444.22
23,1,0,0,2,444.84
23,1,0,0,2,444.87
23,1,0,0,2,444.97
23,1,0,0,2,445.21
23,1,0,0,2,445.26
23,1,0,0,2,446.69
23,1,0,0,2,446.96
23,1,0,0,2,447.53
23,1,0,0,2,448.69
23,1,0,0,2,449.29
23,1,0,0,2,449.39
23,1,0,0,2,451.53
23,1,0,0,2,451.73
23,1,0,0,2,451.89
23,1,0,0,2,452.74
23,1,0,0,2,452.96
23,1,0,0,2,453.3
23,1,0,0,2,453.65
23,1,0,0,2,453.98
23,1,0,0,2,454.22
23,1,0,0,2,454.38
23,1,0,0,2,454.54
23,1,0,0,2,454.81
23,1,0,0,2,454.9
24,1,0,0,2,456.14
24,1,0,0,2,456.71
24,1,0,0,2,458.31
24,1,0,0,2,458.82
24,1,0,0,2,459.01
24,1,0,0,2,459.96
24,1,0,0,2,460.4
24,1,0,0,2,460.41
24,1,0,0,2,460.76
24,1,0,0,2,461.93
24,1,0,0,2,462.16
24,1,0,0,2,462.85
24,1,0,0,2,463.2
24,1,0,0,2,463.27
24,1,0,0,2,464.14
24,1,0,0,2,464.16
24,1,0,0,2,464.3
24,1,0,0,2,465.1
24,1,0,0,2,465.1
24,1,0,0,2,465.95
24,1,0,0,2,466.78
24,1,0,0,2,466.87
24,1,0,0,2,469.42
24,1,0,0,2,469.53
24,1,0,0,2,469.85
24,1,0,0,2,470.52
24,1,0,0,2,470.56
24,1,0,0,2,470.63
24,1,0,0,2,470.8
24,1,0,0,2,471.17
24,1,0,0,2,471.7
24,1,0,0,2,473.33
25,1,0,0,2,473.52
25,1,0,0,2,473.56
25,1,0,0,2,473.68
25,1,0,0,2,474.01
25,1,0,0,2,476.04
25,1,0,0,2,476.86
25,1,0,0,2,477.31
25,1,0,0,2,477.45
25,1,0,0,2,477.79
25,1,0,0,2,477.98
25,1,0,0,2,478.27
25,1,0,0,2,479.13
25,1,0,0,2,479.22
25,1,0,0,2,479.78
25,1,0,0,2,479.84
25,1,0,0,2,480.49
25,1,0,0,2,480.92
25,1,0,0,2,481.05
25,1,0,0,2,481.92
25,1,0,0,2,482.0
25,1,0,0,2,482.78
25,1,0,0,2,482.82
25,1,0,0,2,485.4
25,1,0,0,2,485.56
25,1,0,0,2,485.63
25,1,0,0,2,485.93
25,1,0,0,2,485.96
25,1,0,0,2,486.16
25,1,0,0,2,486.2
25,1,0,0,2,486.25
25,1,0,0,2,487.82
26,1,0,0,2,488.28
26,1,0,0,2,488.31
26,1,0,0,2,488.92
26,1,0,0,2,489.61
26,1,0,0,2,489.98
26,1,0,0,2,490.0
26,1,0,0,2,490.06
26,1,0,0,2,491.11
26,1,0,0,2,492.49
26,1,0,0,2,493.12
26,1,0,0,2,495.12
26,1,0,0,2,495.9
26,1,0,0,2,495.96
26,1,0,0,2,496.11
26,1,0,0,2,496.77
26,1,0,0,2,497.28
26,1,0,0,2,497.51
26,1,0,0,2,499.42
26,1,0,0,2,499.45
26,1,0,0,2,499.51
26,1,0,0,2,500.08
26,1,0,0,2,500.57
26,1,0,0,2,500.93
26,1,0,0,2,502.06
26,1,0,0,2,502.29
26,1,0,0,2,502.52
26,1,0,0,2,502.88
27,1,0,0,2,503.01
27,1,0,0,2,503.65
27,1,0,0,2,504.65
27,1,0,0,2,504.67
27,1,0,0,2,504.91
27,1,0,0,2,505.31
27,1,0,0,2,505.35
27,1,0,0,2,505.96
27,1,0,0,2,508.2
27,1,0,0,2,508.85
27,1,0,0,2,508.93
27,1,0,0,2,509.95
27,1,0,0,2,510.9
27,1,0,0,2,512.05
27,1,0,0,2,513.58
27,1,0,0,2,513.98
27,1,0,0,2,514.1
27,1,0,0,2,514.26
27,1,0,0,2,514.75
27,1,0,0,2,515.96
27,1,0,0,2,516.93
27,1,0,0,2,516.99
27,1,0,0,2,517.27
28,1,0,0,2,517.33
28,1,0,0,2,517.45
28,1,0,0,2,517.63
28,1,0,0,2,518.01
28,1,0,0,2,518.79
28,1,0,0,2,519.0
28,1,0,0,2,519.16
28,1,0,0,2,519.29
28,1,0,0,2,520.11
28,1,0,0,2,521.91
28,1,0,0,2,523.14
28,1,0,0,2,524.21
28,1,0,0,2,524.36
28,1,0,0,2,524.95
28,1,0,0,2,525.57
28,1,0,0,2,526.58
28,1,0,0,2,527.67
28,1,0,0,2,527.98
28,1,0,0,2,528.85
28,1,0,0,2,530.23
28,1,0,0,2,531.07
29,1,0,0,2,531.71
29,1,0,0,2,531.75
29,1,0,0,2,533.08
29,1,0,0,2,533.11
29,1,0,0,2,533.23
29,1,0,0,3,534.31
29,1,0,0,3,534.45
29,1,0,0,3,534.66
29,1,0,0,3,534.74
29,1,0,0,3,535.19
29,1,0,0,3,535.84
29,1,0,0,3,536.06
29,1,0,0,3,538.98
29,1,0,0,3,539.03
29,1,0,0,3,539.91
29,1,0,0,3,540.19
29,1,0,0,3,542.8
29,1,0,0,3,543.07
29,1,0,0,3,544.0
29,1,0,0,3,544.05
29,1,0,0,3,544.23
29,1,0,0,3,544.76
29,1,0,0,3,545.83
29,1,0,0,3,547.05
29,1,0,0,3,547.14
29,1,0,0,3,548.02
29,1,0,0,3,548.27
29,1,0,0,3,550.7
29,1,0,0,3,550.72
30,1,0,0,3,550.77
30,1,0,0,3,550.94
30,1,0,0,3,551.04
30,1,0,0,3,551.97
30,1,0,0,3,552.03
30,1,0,0,3,552.03
30,1,0,0,3,552.27
30,1,0,0,3,552.44
30,1,0,0,3,552.56
30,1,0,0,3,552.78
30,1,0,0,3,552.85
30,1,0,0,3,553.5
30,1,0,0,3,553.58
30,1,0,0,3,554.83
30,1,0,0,3,555.36
30,1,0,0,3,556.1
30,1,0,0,3,556.52
31,1,0,0,3,557.92
31,1,0,0,3,557.95
31,1,0,0,3,558.25
31,1,0,0,3,558.37
31,1,0,0,3,558.48
31,1,0,0,3,558.65
31,1,0,0,3,559.76
31,1,0,0,3,560.54
31,1,0,0,3,560.92
31,1,0,0,3,561.58
31,1,0,0,3,562.03
31,1,0,0,3,562.09
31,1,0,0,3,562.35
31,1,0,0,3,563.69
31,1,0,0,3,564.2
31,1,0,0,3,564.26
31,1,0,0,3,564.96
31,1,0,0,3,565.59
31,1,0,0,3,565.65
32,1,0,0,3,565.76
32,1,0,0,3,566.8
32,1,0,0,3,567.22
32,1,0,0,3,567.59
32,1,0,0,3,568.86
32,1,0,0,3,569.75
32,1,0,0,3,571.82
32,1,0,0,3,572.71
32,1,0,0,3,572.83
32,1,0,0,3,572.87
32,1,0,0,3,573.14
32,1,0,0,3,574.13
32,1,0,0,3,574.21
32,1,0,0,3,574.48
32,1,0,0,3,574.88
32,1,0,0,3,574.9
32,1,0,0,3,574.9
32,1,0,0,3,574.91
32,1,0,0,3,575.04
32,1,0,0,3,576.75
32,1,0,0,3,576.96
32,1,0,0,3,577.13
32,1,0,0,3,577.14
32,1,0,0,3,577.95
32,1,0,0,3,578.94
33,1,0,0,3,580.7
33,1,0,0,3,580.73
33,1,0,0,3,580.83
33,1,0,0,3,580.99
33,1,0,0,3,581.04
33,1,0,0,3,582.75
33,1,0,0,3,583.05
33,1,0,0,3,583.31
33,1,0,0,3,585.06
33,1,0,0,3,585.82
33,1,0,0,3,586.17
33,1,0,0,3,586.6
33,1,0,0,3,586.91
33,1,0,0,3,586.95
33,1,0,0,3,587.08
33,1,0,0,3,587.09
33,1,0,0,3,587.64
33,1,0,0,3,588.32
33,1,0,0,3,588.71
33,1,0,0,3,588.97
33,1,0,0,3,589.25
33,1,0,0,3,590.09
34,1,0,0,3,591.27
34,1,0,0,3,591.56
34,1,0,0,3,591.88
34,1,0,0,3,592.08
34,1,0,0,3,592.85
34,1,0,0,3,592.99
34,1,0,0,3,593.04
34,1,0,0,3,593.27
34,1,0,0,3,593.64
34,1,0,0,3,593.92
34,1,0,0,3,597.5
34,1,0,0,3,599.41
34,1,0,0,3,600.02
34,1,0,0,3,600.19
34,1,0,0,3,600.5
34,1,0,0,3,600.71
34,1,0,0,3,601.0
34,1,0,0,3,603.29
35,1,0,0,3,603.51
35,1,0,0,3,603.74
35,1,0,0,3,603.86
35,1,0,0,3,604.03
35,1,0,0,3,605.7
35,1,0,0,3,607.8
35,1,0,0,3,608.05
35,1,0,0,4,608.24
35,1,0,0,4,608.86
35,1,0,0,4,608.89
35,1,0,0,4,609.14
35,1,0,0,4,610.13
35,1,0,0,4,610.39
35,1,0,0,4,610.42
35,2,0,0,4,610.5
35,2,0,0,4,610.64
35,2,0,0,4,611.04
35,2,0,0,4,611.32
35,2,0,0,4,612.16
35,2,0,0,4,612.32
35,2,0,0,4,612.84
35,2,0,0,4,614.64
35,2,0,0,4,615.0
35,2,0,0,4,615.26
35,2,0,0,4,615.44
35,2,0,0,4,616.85
35,2,0,0,4,616.92
36,2,0,0,4,617.99
36,2,0,0,4,619.26
36,2,0,0,4,621.62
36,2,0,0,4,621.83
36,2,0,0,4,622.57
36,2,0,0,4,623.94
36,2,0,0,4,624.17
36,2,0,0,4,624.18
36,2,0,0,4,626.04
36,2,0,0,4,626.43
36,2,0,0,4,628.2
36,2,0,0,4,629.8
36,2,0,0,4,630.34
36,2,0,0,4,630.96
36,2,0,0,4,632.29
36,2,0,0,4,632.39
37,2,0,0,4,632.47
37,2,0,0,4,633.4
37,2,0,0,4,633.66
37,2,0,0,4,634.58
37,2,0,0,4,634.62
37,2,0,0,4,635.58
37,2,0,0,4,636.84
37,2,0,0,4,637.19
37,2,0,0,4,637.6
37,2,0,0,4,638.78
37,2,0,0,4,638.89
37,2,0,0,4,639.22
37,2,0,0,4,642.63
37,2,0,0,4,642.68
37,2,0,0,4,643.11
37,2,0,0,4,643.95
38,2,0,0,4,644.68
38,2,0,0,4,645.65
38,2,0,0,4,647.13
38,2,0,0,4,648.08
38,2,0,0,4,648.77
38,2,0,0,4,649.7
38,2,0,0,4,649.81
38,2,0,1,4,649.91
38,2,0,1,4,649.99
38,2,0,1,4,651.05
38,2,0,1,4,651.75
38,2,0,1,4,654.18
38,2,0,1,4,655.02
38,2,0,1,4,656.26
38,2,0,1,4,656.53
38,2,0,1,4,656.56
38,2,0,1,4,656.76
38,2,0,1,4,657.43
38,2,0,1,4,658.18
39,2,0,1,4,659.41
39,2,0,1,4,659.86
39,2,0,1,4,660.08
39,2,0,1,4,660.21
39,2,0,1,5,661.47
39,2,0,1,5,661.69
39,2,0,1,5,663.37
39,2,0,1,5,663.59
39,2,0,1,5,664.85
39,2,0,1,5,665.53
39,2,0,1,5,665.83
39,2,0,1,5,666.88
40,2,0,1,5,667.21
40,2,0,1,5,667.37
40,2,0,1,5,667.61
40,2,0,1,5,668.66
40,2,0,1,5,668.88
40,2,0,1,5,669.23
40,2,0,1,5,669.4
40,2,0,1,5,669.65
40,2,0,1,5,669.92
41,2,0,1,5,670.12
41,2,0,1,5,670.71
41,2,0,1,5,671.06
41,2,0,1,5,671.82
41,2,0,1,5,672.44
41,2,0,1,5,673.17
41,2,0,1,5,673.47
41,2,0,1,5,673.88
41,2,0,1,5,673.97
41,2,0,1,5,674.57
41,2,0,1,5,674.73
41,2,0,1,5,674.82
41,2,0,1,5,676.19
41,2,0,1,5,676.62
41,2,0,1,5,676.89
42,2,0,1,5,677.96
42,2,0,1,5,678.0
42,2,0,1,5,678.25
42,2,0,1,5,678.39
42,2,0,1,5,678.47
42,2,0,1,5,678.93
42,2,0,1,5,679.56
42,2,0,1,5,679.86
42,2,0,1,5,680.16
42,2,0,1,5,680.19
42,2,0,1,5,680.34
43,2,0,1,5,680.94
43,2,0,1,5,682.24
43,2,0,1,5,682.63
43,2,0,1,5,683.14
43,2,0,1,5,684.86
43,2,0,1,5,684.95
43,2,0,1,5,685.45
43,2,0,1,5,686.28
43,2,0,1,5,687.89
43,2,0,1,5,688.46
43,2,0,1,5,689.15
43,2,0,1,5,690.14
43,2,0,1,5,691.13
43,2,0,1,5,691.15
43,2,0,1,5,692.05
43,2,0,1,5,692.85
43,2,0,1,5,693.87
44,2,0,1,6,693.89
44,2,0,1,6,694.12
44,2,0,1,6,694.14
44,2,0,1,6,695.85
44,2,0,1,6,696.88
44,2,0,1,6,697.46
44,2,0,1,6,698.37
44,2,0,1,6,699.46
44,2,0,1,6,700.17
44,2,0,1,6,700.8
45,2,0,1,6,701.2
45,2,0,1,6,701.59
45,2,0,1,6,702.76
45,2,0,1,6,702.98
45,2,0,1,6,703.07
45,2,0,1,6,703.43
45,2,0,1,6,704.7
45,2,0,1,6,706.93
45,2,0,1,6,707.89
45,2,0,1,6,708.56
45,2,0,1,6,708.91
45,2,0,1,6,708.96
45,2,0,1,6,709.46
45,2,0,1,6,710.51
46,2,0,1,6,713.69
46,2,0,1,6,714.47
46,2,0,1,6,714.69
46,2,0,1,6,715.19
46,2,0,1,6,715.69
46,2,0,1,6,716.02
46,2,0,1,6,716.32
46,2,0,1,6,717.7
46,2,0,1,6,717.72
46,2,0,1,6,718.26
47,2,0,1,6,718.86
47,2,0,1,6,720.71
47,2,0,1,6,721.27
47,2,0,1,6,725.7
47,2,0,1,6,726.05
47,2,0,1,6,728.44
47,2,0,1,7,729.71
47,2,0,1,7,730.01
47,2,0,1,7,730.08
47,2,0,1,7,730.7
48,2,0,1,7,730.87
48,2,0,1,7,732.99
48,2,0,1,7,733.0
48,2,0,1,7,733.16
48,2,0,1,7,734.14
48,2,0,1,7,734.93
48,2,0,1,7,735.65
48,2,0,1,7,735.74
48,2,0,1,7,736.8
48,2,0,1,7,736.85
48,2,0,1,7,737.12
49,2,0,1,7,737.71
49,2,0,1,7,741.12
49,2,0,1,7,741.61
49,2,0,1,7,741.77
49,2,0,1,7,742.01
49,2,0,1,7,742.16
49,2,0,1,7,742.52
49,2,0,1,7,742.87
49,2,0,1,7,743.18
49,2,0,1,7,746.2
49,2,0,1,8,746.45
49,2,0,1,8,746.52
49,2,0,1,8,746.57
49,2,0,1,8,747.56
50,2,0,1,8,748.0
50,2,0,1,8,748.04
50,2,0,1,8,748.18
50,2,0,1,8,749.18
50,2,0,1,8,749.85
50,2,0,1,8,750.32
50,2,0,1,8,751.18
50,2,0,1,8,751.9
50,2,0,1,8,752.28
50,2,0,1,8,753.07
50,2,0,1,8,753.61
50,2,0,1,8,754.01
50,2,0,1,8,754.7
50,2,0,1,8,755.84
51,2,0,1,8,755.96
51,2,0,1,8,756.11
51,2,0,1,8,757.3
51,2,0,1,8,758.11
51,2,0,1,8,759.44
51,2,0,1,8,759.67
51,2,0,1,8,759.82
51,2,0,1,8,761.07
51,2,0,1,8,761.4
51,2,0,1,8,761.42
51,2,0,1,8,761.9
51,2,0,1,8,764.11
52,2,0,1,8,767.43
52,2,0,1,9,768.25
52,2,0,1,9,768.61
52,2,0,1,9,768.79
52,2,0,1,9,769.21
52,2,0,1,9,769.57
52,2,0,1,9,770.19
52,2,0,1,9,771.09
53,2,0,1,9,771.41
53,2,0,1,9,772.77
53,2,0,1,9,773.29
53,2,0,1,9,774.04
53,2,0,1,9,775.82
53,2,0,1,9,775.99
54,2,0,1,9,776.16
54,2,0,1,9,776.25
54,2,0,1,9,777.5
54,2,0,1,9,780.49
54,2,0,1,9,782.63
54,2,0,1,9,782.77
55,2,0,1,9,783.08
55,2,0,1,9,783.32
55,2,0,1,9,783.91
55,2,0,1,9,784.08
55,2,0,1,9,784.68
55,2,0,1,9,784.77
55,2,0,1,9,786.48
55,2,0,1,9,787.96
55,2,0,1,9,789.82
55,2,0,1,9,790.46
55,2,0,1,9,791.05
56,2,0,1,9,791.28
56,2,0,1,9,792.11
56,2,0,1,9,793.81
56,2,0,1,9,794.66
56,2,0,1,9,795.45
56,2,0,1,9,796.03
56,2,0,1,9,797.43
57,2,0,1,10,797.78
57,2,0,1,10,798.01
57,2,0,1,10,798.01
57,2,0,1,10,798.95
57,2,0,1,10,799.08
57,2,0,1,10,799.43
57,2,0,1,10,800.48
57,2,0,1,10,801.12
57,2,0,1,10,801.13
57,2,0,1,10,802.54
58,2,0,1,10,802.62
58,2,0,1,10,803.69
58,2,0,1,10,805.09
58,2,0,1,10,805.27
58,2,0,1,10,805.34
58,2,0,1,10,806.54
58,2,0,1,10,807.39
58,2,0,1,10,807.56
58,2,0,1,10,808.79
59,2,0,1,10,809.61
59,2,0,1,11,810.74
59,2,0,1,11,812.93
60,2,0,1,11,816.56
60,2,0,1,11,816.75
60,2,0,1,11,818.17
60,2,0,2,11,819.23
60,2,0,2,11,819.44
61,2,0,2,11,820.06
61,2,0,2,11,820.46
61,2,0,2,11,820.68
62,2,0,2,11,820.99
62,2,0,2,11,822.5
62,2,0,2,11,822.58
62,2,0,2,11,822.65
62,2,0,2,12,823.43
62,2,0,2,12,823.74
63,2,0,2,12,824.92
63,2,0,2,12,824.99
63,2,0,2,12,825.48
63,2,0,2,12,825.57
63,2,0,2,12,828.96
64,2,0,2,12,829.82
64,2,0,2,12,830.9
64,2,0,2,12,831.64
64,2,0,2,12,832.29
64,2,0,2,12,832.77
65,2,0,2,12,832.79
65,2,0,2,12,833.5
65,2,0,2,12,833.9
65,2,0,2,12,835.05
65,2,0,2,12,837.1
65,2,0,2,12,838.58
66,2,0,2,13,841.37
66,2,0,2,13,842.57
66,2,0,2,13,843.09
66,2,0,2,13,844.4
66,2,0,2,13,847.79
67,2,0,2,13,848.83
67,2,0,2,13,849.13
67,2,0,2,13,849.19
67,2,0,2,13,850.0
67,2,0,2,13,850.78
68,2,0,2,13,850.84
68,2,0,2,13,851.29
68,2,0,2,13,852.7
68,2,0,2,13,853.55
68,2,0,2,14,853.78
68,2,0,2,14,853.85
69,2,0,2,14,854.3
69,2,0,2,14,855.25
69,2,0,2,14,856.45
69,2,0,2,14,857.18
69,2,0,2,14,857.35
69,2,0,2,14,858.98
69,2,0,2,14,859.5
69,2,0,2,14,859.96
69,2,0,2,14,860.64
69,2,0,2,14,861.26
70,2,0,2,14,863.9
70,2,0,2,15,864.19
70,2,0,2,15,865.26
71,2,0,2,15,865.84
71,2,0,2,15,865.9
71,2,0,2,15,865.94
71,2,0,2,15,867.3
71,2,0,2,15,868.92
71,2,0,2,15,869.92
71,2,0,2,15,871.16
72,2,0,2,15,873.95
72,2,0,2,15,874.38
72,2,0,2,15,875.13
72,2,0,2,15,875.19
72,2,0,2,15,879.58
72,2,0,2,16,880.05
72,2,0,2,16,880.66
72,2,0,2,16,880.71
73,2,0,2,16,881.27
73,2,0,2,16,881.67
73,2,0,2,16,881.83
73,2,0,2,16,882.33
73,2,0,2,16,882.53
74,2,0,2,17,883.11
74,2,0,2,17,883.42
74,2,0,2,17,883.62
74,2,0,2,17,885.76
74,2,0,2,17,886.84
74,2,0,2,17,887.58
74,2,0,2,17,887.92
74,2,0,2,17,889.63
74,2,0,2,17,889.77
75,2,0,2,17,892.97
75,2,0,2,18,893.11
76,2,0,2,18,894.16
76,2,0,2,18,894.45
76,2,0,2,18,894.91
77,2,0,2,18,896.01
77,2,0,2,19,896.13
78,2,0,2,19,896.69
78,2,0,2,19,897.74
78,2,0,2,19,900.04
78,2,0,2,19,903.79
78,2,0,2,19,903.97
78,2,0,2,19,905.76
79,2,0,2,19,906.02
79,2,0,2,19,908.72
79,2,0,2,19,908.94
79,2,0,2,19,910.04
80,2,0,2,19,911.01
80,2,0,2,20,911.21
80,2,0,2,20,912.75
80,2,0,2,20,912.79
80,2,0,2,20,913.28
81,2,0,2,20,913.83
81,2,0,2,20,916.27
81,2,0,2,20,916.78
81,2,0,2,20,916.79
82,2,0,2,20,917.83
82,3,0,2,21,918.4
82,3,0,2,21,919.48
82,3,0,2,21,920.96
82,3,0,2,21,921.91
82,3,0,2,21,922.49
82,3,0,2,21,923.7
83,3,0,3,21,924.83
83,3,0,3,21,925.99
83,3,0,3,21,927.66
83,3,0,3,21,927.68
83,3,0,3,22,928.87
84,3,0,3,22,929.0
84,3,0,3,22,930.28
85,3,0,3,22,930.37
85,3,0,3,22,930.47
85,3,0,3,23,930.84
86,3,0,3,23,931.31
87,3,0,3,23,931.86
87,3,0,3,23,933.21
87,3,0,3,24,939.79
88,3,0,3,24,940.27
89,3,0,3,24,940.34
89,3,0,3,24,943.16
89,3,0,3,24,943.17
89,3,0,3,24,944.27
89,3,0,3,24,944.5
89,3,0,3,24,944.87
89,3,0,3,24,944.96
90,3,0,3,25,947.68
90,3,0,3,25,950.14
90,3,0,3,25,950.96
90,3,0,3,25,955.08
90,3,0,3,25,955.8
90,3,0,3,25,956.04
91,3,0,3,25,956.18
91,3,0,3,25,956.31
91,3,0,3,25,958.32
92,3,0,3,25,958.74
92,3,0,3,26,959.94
92,3,0,3,26,960.01
93,3,0,3,26,960.37
94,3,0,3,26,962.87
94,3,0,3,26,963.31
95,3,0,3,27,963.45
95,3,0,3,27,963.46
96,3,0,3,27,964.79
98,3,0,3,27,964.91
98,3,0,3,27,968.7
98,3,0,3,27,971.03
98,3,0,3,27,971.05
100,3,0,3,28,971.43
100,3,0,3,28,973.75
101,3,0,3,28,975.38
101,3,0,3,28,975.51
101,3,0,3,29,976.78
101,3,0,3,29,977.02
101,3,0,3,29,977.9
101,3,0,3,29,978.93
101,3,0,3,29,981.96
101,3,0,3,30,982.07
102,3,0,3,30,984.64
102,3,0,3,30,986.76
102,3,0,3,30,987.35
102,3,0,3,30,988.11
103,3,0,3,31,994.05
103,3,0,3,31,994.11
103,3,0,3,31,994.43
103,3,0,3,31,994.95
104,3,0,3,31,995.98
105,3,0,3,32,996.7
105,3,0,3,32,997.3
105,3,0,3,32,998.85
106,3,0,3,32,999.47
106,3,0,3,32,1000.96
106,3,0,3,32,1001.81
108,3,0,3,32,1002.13
108,3,0,3,32,1003.27
108,3,0,3,32,1005.24
108,3,0,3,33,1005.6
108,3,0,3,33,1006.7
109,3,0,3,33,1006.81
109,3,0,3,33,1010.13
109,3,0,3,33,1010.34
109,3,0,3,34,1010.89
110,3,0,3,34,1013.9
110,3,0,3,34,1014.69
110,3,0,3,34,1015.26
110,3,0,3,34,1017.55
110,3,0,3,35,1017.94
110,3,0,3,35,1018.43
111,3,0,3,35,1019.63
111,3,0,4,35,1020.05
111,3,0,4,35,1020.78
111,3,0,4,36,1020.93
111,3,0,4,37,1022.38
112,3,0,4,37,1024.11
112,3,0,4,37,1025.5
112,3,0,4,37,1030.54
112,3,0,4,38,1030.87
113,3,0,4,39,1033.11
113,3,0,4,39,1033.38
114,3,0,4,39,1034.1
114,3,0,4,40,1035.75
114,3,0,4,40,1035.89
115,3,0,4,41,1038.24
116,3,0,4,41,1040.51
116,3,0,4,41,1040.88
116,3,0,4,41,1042.05
116,3,0,4,41,1042.6
116,3,0,4,41,1043.27
117,3,0,4,42,1043.67
117,3,0,4,42,1045.18
117,3,0,4,42,1045.97
117,3,0,4,42,1047.33
117,3,0,4,42,1047.91
117,3,0,4,43,1049.93
118,3,0,4,43,1051.5
119,3,0,4,43,1052.01
120,3,0,4,44,1052.08
120,3,0,4,44,1053.76
120,3,0,4,44,1054.01
121,3,0,4,44,1054.96
121,3,0,4,45,1057.59
122,3,0,4,45,1058.96
122,3,0,4,46,1060.91
122,3,0,4,47,1064.04
122,3,0,4,47,1064.55
122,3,0,4,48,1067.62
125,3,0,4,48,1071.19
125,3,0,4,48,1071.76
126,3,0,4,48,1072.47
126,3,0,4,49,1075.09
128,3,0,4,49,1075.94
129,3,0,4,49,1078.07
130,3,0,4,50,1080.18
131,3,0,4,52,1081.14
131,3,0,4,52,1081.92
132,3,0,4,53,1082.77
134,3,0,4,53,1084.86
135,3,0,4,53,1085.29
135,3,0,4,53,1088.91
135,3,0,4,53,1090.16
136,3,0,4,54,1090.39
136,3,0,4,54,1096.17
137,3,0,4,54,1096.51
137,3,0,4,56,1098.19
138,3,0,4,56,1098.89
140,3,0,5,56,1104.46
140,3,0,5,58,1104.97
140,3,0,5,58,1108.04
141,3,0,5,59,1108.52
141,3,0,5,59,1108.54
143,3,0,5,59,1108.91
143,3,0,5,60,1111.83
143,3,0,5,61,1112.65
144,3,0,5,61,1114.74
144,3,0,5,61,1114.77
144,3,0,5,62,1117.69
144,3,0,5,62,1117.96
145,3,0,5,62,1117.99
145,3,0,5,62,1118.17
146,3,0,5,63,1118.97
147,3,0,5,64,1119.41
147,4,0,5,64,1126.04
148,4,0,5,64,1127.91
148,4,0,5,64,1128.16
148,4,0,5,65,1130.33
148,4,0,5,65,1131.02
149,4,0,5,66,1134.37
149,4,0,5,67,1135.2
149,4,0,5,67,1135.46
150,4,0,5,67,1136.07
151,4,0,5,68,1137.92
151,4,0,5,70,1138.48
152,4,0,5,72,1138.91
153,4,0,5,73,1140.61
154,4,0,5,73,1142.53
155,4,0,5,74,1142.78
155,4,0,6,74,1150.73
155,4,0,6,74,1154.78
157,4,0,6,75,1155.28
157,4,0,6,75,1156.01
157,4,0,6,76,1157.4
158,4,0,6,76,1163.56
159,4,0,6,77,1163.68
159,4,0,6,78,1165.09
163,4,0,6,78,1167.93
163,4,0,6,78,1169.8
163,4,0,6,78,1170.35
164,4,0,6,79,1172.15
164,4,0,6,80,1173.59
164,4,0,6,82,1173.87
164,4,0,6,83,1174.94
164,4,0,6,83,1175.87
165,4,0,6,84,1177.51
165,4,0,6,84,1177.86
166,4,0,6,85,1180.96
166,4,0,6,85,1182.1
166,4,0,6,85,1183.33
167,4,0,6,86,1189.85
167,4,0,6,86,1195.82
168,4,0,6,87,1196.43
169,4,0,6,89,1197.87
172,4,0,6,90,1198.14
172,4,0,6,92,1198.98
173,4,0,6,92,1199.29
174,4,0,6,93,1201.23
175,4,0,7,93,1202.2
176,4,0,7,94,1205.23
177,4,0,7,95,1207.11
177,4,0,7,96,1208.57
177,4,0,7,100,1208.6
178,4,0,7,100,1210.59
179,4,0,7,101,1218.41
179,4,0,7,101,1219.05
179,4,0,7,101,1221.84
180,4,0,7,104,1223.94
184,4,0,8,107,1224.83
185,4,0,8,107,1225.35
187,4,0,8,109,1233.28
187,4,0,8,110,1233.67
187,4,0,8,110,1241.99
187,4,0,8,112,1243.5
188,4,0,8,113,1244.64
190,4,0,8,115,1246.81
191,4,0,8,117,1246.92
193,4,0,8,119,1247.04
194,4,0,8,120,1249.85
195,4,0,8,121,1254.46
197,4,0,8,123,1269.41
198,4,0,8,125,1272.68
199,4,0,8,125,1272.96
199,4,0,8,127,1279.78
199,4,0,8,127,1287.62
200,4,0,8,128,1296.12
202,4,0,8,128,1296.48
204,4,0,8,130,1296.99
205,4,0,9,130,1301.0
206,5,0,9,134,1301.13
206,5,0,9,143,1302.39
206,5,0,9,144,1302.86
206,5,0,9,144,1308.34
207,5,0,9,144,1309.01
211,5,0,9,145,1311.3
211,5,0,9,146,1313.14
213,5,0,9,151,1316.08
213,5,0,10,152,1320.67
214,5,0,10,152,1324.93
214,5,0,10,152,1328.98
215,5,0,10,155,1329.87
221,5,0,10,156,1330.6
222,5,0,10,158,1332.9
223,5,0,10,159,1336.4
225,5,0,10,161,1342.27
225,5,0,10,169,1342.5
226,5,0,10,172,1343.14
227,5,0,10,176,1347.38
228,5,0,11,178,1350.97
230,5,0,11,179,1351.39
230,5,0,11,180,1352.36
231,5,0,11,181,1353.89
231,5,0,11,182,1354.79
232,5,0,11,187,1355.22
234,5,0,11,188,1360.04
235,5,0,11,188,1364.92
235,5,0,11,189,1365.86
235,5,0,11,192,1367.02
236,5,0,11,192,1368.72
238,5,0,11,196,1370.9
238,6,0,12,196,1373.88
239,6,0,12,197,1376.69
242,6,0,12,202,1380.98
243,6,0,12,203,1381.15
243,6,0,12,204,1383.03
244,6,0,12,208,1389.21
260,6,0,12,216,1395.99
262,6,0,12,216,1399.62
264,6,0,12,221,1401.89
265,6,0,13,222,1403.47
267,6,0,13,222,1409.85
267,6,0,13,228,1418.43
270,6,0,13,228,1424.34
273,6,0,13,231,1425.27
276,6,0,13,235,1427.86
277,6,0,13,236,1431.67
280,6,0,13,237,1432.68
281,6,0,13,238,1434.91
281,6,0,13,242,1437.25
282,6,0,14,247,1438.31
289,6,0,14,250,1445.44
291,6,0,14,251,1445.71
293,6,0,14,267,1446.55
294,6,0,14,271,1462.76
299,6,0,15,272,1463.94
299,6,0,15,276,1467.8
312,6,0,15,284,1468.35
314,6,0,15,287,1474.54
319,6,0,15,291,1475.73
321,6,0,15,293,1481.86
323,6,0,15,304,1483.92
323,6,0,16,307,1484.13
326,6,0,16,307,1484.17
339,6,0,16,336,1485.41
339,7,0,16,355,1488.7
344,7,0,16,360,1488.76
347,7,0,16,364,1501.67
349,7,0,17,377,1504.05
350,7,0,17,377,1505.06
350,7,0,17,394,1508.1
354,7,0,17,397,1511.38
354,7,0,17,398,1513.72
357,7,0,18,404,1522.7
359,7,0,18,414,1528.83
361,7,0,18,415,1535.8
361,7,0,18,427,1542.32
366,7,0,19,442,1542.94
374,7,0,19,442,1548.53
377,7,0,19,449,1556.97
378,7,0,20,463,1567.2
382,7,0,20,467,1571.39
387,8,0,20,489,1595.2
394,8,0,21,491,1597.21
397,8,0,21,493,1609.57
400,8,0,22,512,1615.29
400,8,0,22,514,1615.71
409,8,0,22,515,1615.96
419,8,0,23,521,1634.91
432,8,0,23,524,1637.83
450,8,0,23,525,1648.49
453,8,0,23,547,1653.82
463,8,0,23,550,1665.39
464,8,0,23,558,1679.88
480,8,0,24,577,1703.78
491,9,0,24,592,1708.88
496,9,0,24,646,1709.72
508,9,0,24,663,1724.69
510,10,0,24,667,1734.11
524,10,0,25,692,1748.4
535,11,0,26,699,1760.17
538,11,0,27,704,1761.5
545,11,0,27,712,1784.63
557,11,0,27,778,1788.66
563,11,0,28,863,1828.99
569,12,0,29,884,1836.26
574,12,0,29,884,1841.96
586,12,0,29,910,1854.58
612,12,0,29,924,1869.36
619,12,0,30,936,1899.71
645,12,0,31,959,1907.77
648,12,0,33,961,1917.97
651,13,0,33,976,1921.68
685,13,0,33,1029,1929.56
700,13,0,34,1051,1936.8
717,14,0,35,1089,1942.85
722,14,0,35,1118,1954.43
731,15,0,37,1232,1956.34
741,16,0,38,1237,1968.53
756,16,0,38,1407,1973.69
791,16,0,38,1409,1986.77
794,17,0,44,1614,2006.73
834,18,0,44,1652,2012.0
889,19,0,45,1738,2021.34
911,20,0,46,1807,2027.1
931,20,0,47,2142,2027.39
990,21,0,48,2220,2031.5
1055,21,0,49,2260,2072.08
1124,21,0,49,2313,2072.63
1175,21,0,53,2427,2091.49
1194,21,0,55,3035,2124.3
1206,22,0,59,3269,2143.3
1607,23,0,61,3313,2152.95
1827,23,0,62,3493,2249.09
1866,25,0,65,3560,2251.0
1879,26,0,67,4147,2288.08
1889,26,0,68,4399,2307.41
2073,26,0,68,4479,2317.46
2256,27,0,73,4779,2336.38
2532,29,0,76,4824,2444.59
2739,35,0,77,5663,2558.43
2971,38,0,97,7465,2570.23
3822,47,0,130,8086,2693.04
5328,63,0,172,9223,2722.38
6034,102,0,178,11992,2727.46
16460,166,0,350,14052,3736.31
